timestamp,intersection_id,traffic_volume
2024-01-01 00:00:00,INT_001,79
2024-01-01 01:00:00,INT_001,72
2024-01-01 02:00:00,INT_001,70
2024-01-01 03:00:00,INT_001,68
2024-01-01 04:00:00,INT_001,96
2024-01-01 05:00:00,INT_001,91
2024-01-01 06:00:00,INT_001,254
2024-01-01 07:00:00,INT_001,620
2024-01-01 08:00:00,INT_001,646
2024-01-01 09:00:00,INT_001,610
2024-01-01 10:00:00,INT_001,252
2024-01-01 11:00:00,INT_001,245
2024-01-01 12:00:00,INT_001,406
2024-01-01 13:00:00,INT_001,465
2024-01-01 14:00:00,INT_001,465
2024-01-01 15:00:00,INT_001,275
2024-01-01 16:00:00,INT_001,237
2024-01-01 17:00:00,INT_001,715
2024-01-01 18:00:00,INT_001,652
2024-01-01 19:00:00,INT_001,679
2024-01-01 20:00:00,INT_001,223
2024-01-01 21:00:00,INT_001,239
2024-01-01 22:00:00,INT_001,63
2024-01-01 23:00:00,INT_001,74
2024-01-02 00:00:00,INT_001,88
2024-01-02 01:00:00,INT_001,41
2024-01-02 02:00:00,INT_001,82
2024-01-02 03:00:00,INT_001,98
2024-01-02 04:00:00,INT_001,49
2024-01-02 05:00:00,INT_001,130
2024-01-02 06:00:00,INT_001,251
2024-01-02 07:00:00,INT_001,637
2024-01-02 08:00:00,INT_001,619
2024-01-02 09:00:00,INT_001,635
2024-01-02 10:00:00,INT_001,250
2024-01-02 11:00:00,INT_001,217
2024-01-02 12:00:00,INT_001,450
2024-01-02 13:00:00,INT_001,401
2024-01-02 14:00:00,INT_001,425
2024-01-02 15:00:00,INT_001,268
2024-01-02 16:00:00,INT_001,256
2024-01-02 17:00:00,INT_001,725
2024-01-02 18:00:00,INT_001,707
2024-01-02 19:00:00,INT_001,711
2024-01-02 20:00:00,INT_001,261
2024-01-02 21:00:00,INT_001,256
2024-01-02 22:00:00,INT_001,54
2024-01-02 23:00:00,INT_001,87
2024-01-03 00:00:00,INT_001,94
2024-01-03 01:00:00,INT_001,82
2024-01-03 02:00:00,INT_001,65
2024-01-03 03:00:00,INT_001,87
2024-01-03 04:00:00,INT_001,101
2024-01-03 05:00:00,INT_001,62
2024-01-03 06:00:00,INT_001,261
2024-01-03 07:00:00,INT_001,637
2024-01-03 08:00:00,INT_001,614
2024-01-03 09:00:00,INT_001,608
2024-01-03 10:00:00,INT_001,263
2024-01-03 11:00:00,INT_001,246
2024-01-03 12:00:00,INT_001,429
2024-01-03 13:00:00,INT_001,450
2024-01-03 14:00:00,INT_001,439
2024-01-03 15:00:00,INT_001,267
2024-01-03 16:00:00,INT_001,219
2024-01-03 17:00:00,INT_001,726
2024-01-03 18:00:00,INT_001,714
2024-01-03 19:00:00,INT_001,677
2024-01-03 20:00:00,INT_001,274
2024-01-03 21:00:00,INT_001,268
2024-01-03 22:00:00,INT_001,68
2024-01-03 23:00:00,INT_001,30
2024-01-04 00:00:00,INT_001,86
2024-01-04 01:00:00,INT_001,87
2024-01-04 02:00:00,INT_001,90
2024-01-04 03:00:00,INT_001,75
2024-01-04 04:00:00,INT_001,71
2024-01-04 05:00:00,INT_001,71
2024-01-04 06:00:00,INT_001,232
2024-01-04 07:00:00,INT_001,595
2024-01-04 08:00:00,INT_001,608
2024-01-04 09:00:00,INT_001,607
2024-01-04 10:00:00,INT_001,235
2024-01-04 11:00:00,INT_001,252
2024-01-04 12:00:00,INT_001,422
2024-01-04 13:00:00,INT_001,457
2024-01-04 14:00:00,INT_001,430
2024-01-04 15:00:00,INT_001,266
2024-01-04 16:00:00,INT_001,218
2024-01-04 17:00:00,INT_001,710
2024-01-04 18:00:00,INT_001,714
2024-01-04 19:00:00,INT_001,701
2024-01-04 20:00:00,INT_001,242
2024-01-04 21:00:00,INT_001,261
2024-01-04 22:00:00,INT_001,75
2024-01-04 23:00:00,INT_001,90
2024-01-05 00:00:00,INT_001,83
2024-01-05 01:00:00,INT_001,47
2024-01-05 02:00:00,INT_001,40
2024-01-05 03:00:00,INT_001,81
2024-01-05 04:00:00,INT_001,39
2024-01-05 05:00:00,INT_001,65
2024-01-05 06:00:00,INT_001,262
2024-01-05 07:00:00,INT_001,626
2024-01-05 08:00:00,INT_001,595
2024-01-05 09:00:00,INT_001,630
2024-01-05 10:00:00,INT_001,273
2024-01-05 11:00:00,INT_001,249
2024-01-05 12:00:00,INT_001,466
2024-01-05 13:00:00,INT_001,434
2024-01-05 14:00:00,INT_001,446
2024-01-05 15:00:00,INT_001,236
2024-01-05 16:00:00,INT_001,262
2024-01-05 17:00:00,INT_001,723
2024-01-05 18:00:00,INT_001,713
2024-01-05 19:00:00,INT_001,717
2024-01-05 20:00:00,INT_001,244
2024-01-05 21:00:00,INT_001,234
2024-01-05 22:00:00,INT_001,96
2024-01-05 23:00:00,INT_001,84
2024-01-06 00:00:00,INT_001,75
2024-01-06 01:00:00,INT_001,6
2024-01-06 02:00:00,INT_001,53
2024-01-06 03:00:00,INT_001,32
2024-01-06 04:00:00,INT_001,34
2024-01-06 05:00:00,INT_001,31
2024-01-06 06:00:00,INT_001,193
2024-01-06 07:00:00,INT_001,453
2024-01-06 08:00:00,INT_001,491
2024-01-06 09:00:00,INT_001,486
2024-01-06 10:00:00,INT_001,208
2024-01-06 11:00:00,INT_001,202
2024-01-06 12:00:00,INT_001,378
2024-01-06 13:00:00,INT_001,357
2024-01-06 14:00:00,INT_001,369
2024-01-06 15:00:00,INT_001,189
2024-01-06 16:00:00,INT_001,218
2024-01-06 17:00:00,INT_001,579
2024-01-06 18:00:00,INT_001,556
2024-01-06 19:00:00,INT_001,580
2024-01-06 20:00:00,INT_001,220
2024-01-06 21:00:00,INT_001,217
2024-01-06 22:00:00,INT_001,44
2024-01-06 23:00:00,INT_001,79
2024-01-07 00:00:00,INT_001,33
2024-01-07 01:00:00,INT_001,96
2024-01-07 02:00:00,INT_001,75
2024-01-07 03:00:00,INT_001,49
2024-01-07 04:00:00,INT_001,64
2024-01-07 05:00:00,INT_001,55
2024-01-07 06:00:00,INT_001,194
2024-01-07 07:00:00,INT_001,519
2024-01-07 08:00:00,INT_001,517
2024-01-07 09:00:00,INT_001,495
2024-01-07 10:00:00,INT_001,182
2024-01-07 11:00:00,INT_001,185
2024-01-07 12:00:00,INT_001,347
2024-01-07 13:00:00,INT_001,348
2024-01-07 14:00:00,INT_001,388
2024-01-07 15:00:00,INT_001,190
2024-01-07 16:00:00,INT_001,166
2024-01-07 17:00:00,INT_001,552
2024-01-07 18:00:00,INT_001,537
2024-01-07 19:00:00,INT_001,569
2024-01-07 20:00:00,INT_001,176
2024-01-07 21:00:00,INT_001,201
2024-01-07 22:00:00,INT_001,1
2024-01-07 23:00:00,INT_001,46
2024-01-08 00:00:00,INT_001,91
2024-01-08 01:00:00,INT_001,114
2024-01-08 02:00:00,INT_001,106
2024-01-08 03:00:00,INT_001,85
2024-01-08 04:00:00,INT_001,92
2024-01-08 05:00:00,INT_001,119
2024-01-08 06:00:00,INT_001,217
2024-01-08 07:00:00,INT_001,652
2024-01-08 08:00:00,INT_001,625
2024-01-08 09:00:00,INT_001,630
2024-01-08 10:00:00,INT_001,263
2024-01-08 11:00:00,INT_001,275
2024-01-08 12:00:00,INT_001,472
2024-01-08 13:00:00,INT_001,432
2024-01-08 14:00:00,INT_001,436
2024-01-08 15:00:00,INT_001,256
2024-01-08 16:00:00,INT_001,282
2024-01-08 17:00:00,INT_001,692
2024-01-08 18:00:00,INT_001,711
2024-01-08 19:00:00,INT_001,738
2024-01-08 20:00:00,INT_001,244
2024-01-08 21:00:00,INT_001,218
2024-01-08 22:00:00,INT_001,87
2024-01-08 23:00:00,INT_001,57
2024-01-09 00:00:00,INT_001,92
2024-01-09 01:00:00,INT_001,94
2024-01-09 02:00:00,INT_001,89
2024-01-09 03:00:00,INT_001,68
2024-01-09 04:00:00,INT_001,112
2024-01-09 05:00:00,INT_001,102
2024-01-09 06:00:00,INT_001,289
2024-01-09 07:00:00,INT_001,642
2024-01-09 08:00:00,INT_001,646
2024-01-09 09:00:00,INT_001,597
2024-01-09 10:00:00,INT_001,272
2024-01-09 11:00:00,INT_001,236
2024-01-09 12:00:00,INT_001,436
2024-01-09 13:00:00,INT_001,470
2024-01-09 14:00:00,INT_001,477
2024-01-09 15:00:00,INT_001,219
2024-01-09 16:00:00,INT_001,258
2024-01-09 17:00:00,INT_001,720
2024-01-09 18:00:00,INT_001,677
2024-01-09 19:00:00,INT_001,719
2024-01-09 20:00:00,INT_001,286
2024-01-09 21:00:00,INT_001,256
2024-01-09 22:00:00,INT_001,77
2024-01-09 23:00:00,INT_001,78
2024-01-10 00:00:00,INT_001,87
2024-01-10 01:00:00,INT_001,101
2024-01-10 02:00:00,INT_001,40
2024-01-10 03:00:00,INT_001,27
2024-01-10 04:00:00,INT_001,53
2024-01-10 05:00:00,INT_001,96
2024-01-10 06:00:00,INT_001,245
2024-01-10 07:00:00,INT_001,656
2024-01-10 08:00:00,INT_001,665
2024-01-10 09:00:00,INT_001,610
2024-01-10 10:00:00,INT_001,264
2024-01-10 11:00:00,INT_001,282
2024-01-10 12:00:00,INT_001,463
2024-01-10 13:00:00,INT_001,467
2024-01-10 14:00:00,INT_001,476
2024-01-10 15:00:00,INT_001,280
2024-01-10 16:00:00,INT_001,245
2024-01-10 17:00:00,INT_001,733
2024-01-10 18:00:00,INT_001,713
2024-01-10 19:00:00,INT_001,674
2024-01-10 20:00:00,INT_001,252
2024-01-10 21:00:00,INT_001,268
2024-01-10 22:00:00,INT_001,46
2024-01-10 23:00:00,INT_001,76
2024-01-11 00:00:00,INT_001,39
2024-01-11 01:00:00,INT_001,89
2024-01-11 02:00:00,INT_001,62
2024-01-11 03:00:00,INT_001,46
2024-01-11 04:00:00,INT_001,62
2024-01-11 05:00:00,INT_001,97
2024-01-11 06:00:00,INT_001,232
2024-01-11 07:00:00,INT_001,640
2024-01-11 08:00:00,INT_001,624
2024-01-11 09:00:00,INT_001,640
2024-01-11 10:00:00,INT_001,269
2024-01-11 11:00:00,INT_001,260
2024-01-11 12:00:00,INT_001,436
2024-01-11 13:00:00,INT_001,447
2024-01-11 14:00:00,INT_001,458
2024-01-11 15:00:00,INT_001,225
2024-01-11 16:00:00,INT_001,264
2024-01-11 17:00:00,INT_001,687
2024-01-11 18:00:00,INT_001,675
2024-01-11 19:00:00,INT_001,703
2024-01-11 20:00:00,INT_001,257
2024-01-11 21:00:00,INT_001,270
2024-01-11 22:00:00,INT_001,52
2024-01-11 23:00:00,INT_001,86
2024-01-12 00:00:00,INT_001,82
2024-01-12 01:00:00,INT_001,84
2024-01-12 02:00:00,INT_001,100
2024-01-12 03:00:00,INT_001,53
2024-01-12 04:00:00,INT_001,115
2024-01-12 05:00:00,INT_001,48
2024-01-12 06:00:00,INT_001,246
2024-01-12 07:00:00,INT_001,607
2024-01-12 08:00:00,INT_001,622
2024-01-12 09:00:00,INT_001,636
2024-01-12 10:00:00,INT_001,271
2024-01-12 11:00:00,INT_001,259
2024-01-12 12:00:00,INT_001,424
2024-01-12 13:00:00,INT_001,450
2024-01-12 14:00:00,INT_001,479
2024-01-12 15:00:00,INT_001,260
2024-01-12 16:00:00,INT_001,271
2024-01-12 17:00:00,INT_001,672
2024-01-12 18:00:00,INT_001,704
2024-01-12 19:00:00,INT_001,712
2024-01-12 20:00:00,INT_001,221
2024-01-12 21:00:00,INT_001,262
2024-01-12 22:00:00,INT_001,77
2024-01-12 23:00:00,INT_001,51
2024-01-13 00:00:00,INT_001,48
2024-01-13 01:00:00,INT_001,65
2024-01-13 02:00:00,INT_001,68
2024-01-13 03:00:00,INT_001,52
2024-01-13 04:00:00,INT_001,60
2024-01-13 05:00:00,INT_001,44
2024-01-13 06:00:00,INT_001,224
2024-01-13 07:00:00,INT_001,493
2024-01-13 08:00:00,INT_001,480
2024-01-13 09:00:00,INT_001,522
2024-01-13 10:00:00,INT_001,167
2024-01-13 11:00:00,INT_001,184
2024-01-13 12:00:00,INT_001,404
2024-01-13 13:00:00,INT_001,364
2024-01-13 14:00:00,INT_001,340
2024-01-13 15:00:00,INT_001,211
2024-01-13 16:00:00,INT_001,234
2024-01-13 17:00:00,INT_001,558
2024-01-13 18:00:00,INT_001,554
2024-01-13 19:00:00,INT_001,537
2024-01-13 20:00:00,INT_001,219
2024-01-13 21:00:00,INT_001,235
2024-01-13 22:00:00,INT_001,55
2024-01-13 23:00:00,INT_001,16
2024-01-14 00:00:00,INT_001,48
2024-01-14 01:00:00,INT_001,54
2024-01-14 02:00:00,INT_001,71
2024-01-14 03:00:00,INT_001,65
2024-01-14 04:00:00,INT_001,20
2024-01-14 05:00:00,INT_001,61
2024-01-14 06:00:00,INT_001,181
2024-01-14 07:00:00,INT_001,528
2024-01-14 08:00:00,INT_001,491
2024-01-14 09:00:00,INT_001,509
2024-01-14 10:00:00,INT_001,216
2024-01-14 11:00:00,INT_001,204
2024-01-14 12:00:00,INT_001,337
2024-01-14 13:00:00,INT_001,384
2024-01-14 14:00:00,INT_001,368
2024-01-14 15:00:00,INT_001,164
2024-01-14 16:00:00,INT_001,221
2024-01-14 17:00:00,INT_001,564
2024-01-14 18:00:00,INT_001,530
2024-01-14 19:00:00,INT_001,549
2024-01-14 20:00:00,INT_001,230
2024-01-14 21:00:00,INT_001,195
2024-01-14 22:00:00,INT_001,71
2024-01-14 23:00:00,INT_001,45
2024-01-15 00:00:00,INT_001,68
2024-01-15 01:00:00,INT_001,19
2024-01-15 02:00:00,INT_001,71
2024-01-15 03:00:00,INT_001,33
2024-01-15 04:00:00,INT_001,96
2024-01-15 05:00:00,INT_001,98
2024-01-15 06:00:00,INT_001,228
2024-01-15 07:00:00,INT_001,610
2024-01-15 08:00:00,INT_001,610
2024-01-15 09:00:00,INT_001,619
2024-01-15 10:00:00,INT_001,288
2024-01-15 11:00:00,INT_001,252
2024-01-15 12:00:00,INT_001,449
2024-01-15 13:00:00,INT_001,451
2024-01-15 14:00:00,INT_001,459
2024-01-15 15:00:00,INT_001,226
2024-01-15 16:00:00,INT_001,231
2024-01-15 17:00:00,INT_001,701
2024-01-15 18:00:00,INT_001,710
2024-01-15 19:00:00,INT_001,689
2024-01-15 20:00:00,INT_001,265
2024-01-15 21:00:00,INT_001,240
2024-01-15 22:00:00,INT_001,61
2024-01-15 23:00:00,INT_001,96
2024-01-16 00:00:00,INT_001,66
2024-01-16 01:00:00,INT_001,61
2024-01-16 02:00:00,INT_001,65
2024-01-16 03:00:00,INT_001,89
2024-01-16 04:00:00,INT_001,99
2024-01-16 05:00:00,INT_001,63
2024-01-16 06:00:00,INT_001,259
2024-01-16 07:00:00,INT_001,644
2024-01-16 08:00:00,INT_001,639
2024-01-16 09:00:00,INT_001,632
2024-01-16 10:00:00,INT_001,275
2024-01-16 11:00:00,INT_001,270
2024-01-16 12:00:00,INT_001,411
2024-01-16 13:00:00,INT_001,454
2024-01-16 14:00:00,INT_001,430
2024-01-16 15:00:00,INT_001,266
2024-01-16 16:00:00,INT_001,248
2024-01-16 17:00:00,INT_001,696
2024-01-16 18:00:00,INT_001,693
2024-01-16 19:00:00,INT_001,686
2024-01-16 20:00:00,INT_001,234
2024-01-16 21:00:00,INT_001,244
2024-01-16 22:00:00,INT_001,22
2024-01-16 23:00:00,INT_001,92
2024-01-17 00:00:00,INT_001,64
2024-01-17 01:00:00,INT_001,75
2024-01-17 02:00:00,INT_001,85
2024-01-17 03:00:00,INT_001,90
2024-01-17 04:00:00,INT_001,97
2024-01-17 05:00:00,INT_001,124
2024-01-17 06:00:00,INT_001,228
2024-01-17 07:00:00,INT_001,631
2024-01-17 08:00:00,INT_001,583
2024-01-17 09:00:00,INT_001,635
2024-01-17 10:00:00,INT_001,222
2024-01-17 11:00:00,INT_001,277
2024-01-17 12:00:00,INT_001,471
2024-01-17 13:00:00,INT_001,448
2024-01-17 14:00:00,INT_001,431
2024-01-17 15:00:00,INT_001,212
2024-01-17 16:00:00,INT_001,267
2024-01-17 17:00:00,INT_001,678
2024-01-17 18:00:00,INT_001,690
2024-01-17 19:00:00,INT_001,705
2024-01-17 20:00:00,INT_001,215
2024-01-17 21:00:00,INT_001,255
2024-01-17 22:00:00,INT_001,74
2024-01-17 23:00:00,INT_001,50
2024-01-18 00:00:00,INT_001,129
2024-01-18 01:00:00,INT_001,60
2024-01-18 02:00:00,INT_001,64
2024-01-18 03:00:00,INT_001,51
2024-01-18 04:00:00,INT_001,97
2024-01-18 05:00:00,INT_001,51
2024-01-18 06:00:00,INT_001,258
2024-01-18 07:00:00,INT_001,644
2024-01-18 08:00:00,INT_001,591
2024-01-18 09:00:00,INT_001,593
2024-01-18 10:00:00,INT_001,272
2024-01-18 11:00:00,INT_001,213
2024-01-18 12:00:00,INT_001,410
2024-01-18 13:00:00,INT_001,445
2024-01-18 14:00:00,INT_001,476
2024-01-18 15:00:00,INT_001,239
2024-01-18 16:00:00,INT_001,253
2024-01-18 17:00:00,INT_001,677
2024-01-18 18:00:00,INT_001,691
2024-01-18 19:00:00,INT_001,687
2024-01-18 20:00:00,INT_001,237
2024-01-18 21:00:00,INT_001,261
2024-01-18 22:00:00,INT_001,75
2024-01-18 23:00:00,INT_001,86
2024-01-19 00:00:00,INT_001,59
2024-01-19 01:00:00,INT_001,99
2024-01-19 02:00:00,INT_001,80
2024-01-19 03:00:00,INT_001,61
2024-01-19 04:00:00,INT_001,90
2024-01-19 05:00:00,INT_001,94
2024-01-19 06:00:00,INT_001,271
2024-01-19 07:00:00,INT_001,642
2024-01-19 08:00:00,INT_001,620
2024-01-19 09:00:00,INT_001,627
2024-01-19 10:00:00,INT_001,285
2024-01-19 11:00:00,INT_001,231
2024-01-19 12:00:00,INT_001,474
2024-01-19 13:00:00,INT_001,436
2024-01-19 14:00:00,INT_001,447
2024-01-19 15:00:00,INT_001,241
2024-01-19 16:00:00,INT_001,268
2024-01-19 17:00:00,INT_001,672
2024-01-19 18:00:00,INT_001,694
2024-01-19 19:00:00,INT_001,698
2024-01-19 20:00:00,INT_001,256
2024-01-19 21:00:00,INT_001,275
2024-01-19 22:00:00,INT_001,106
2024-01-19 23:00:00,INT_001,35
2024-01-20 00:00:00,INT_001,67
2024-01-20 01:00:00,INT_001,40
2024-01-20 02:00:00,INT_001,28
2024-01-20 03:00:00,INT_001,52
2024-01-20 04:00:00,INT_001,58
2024-01-20 05:00:00,INT_001,54
2024-01-20 06:00:00,INT_001,194
2024-01-20 07:00:00,INT_001,489
2024-01-20 08:00:00,INT_001,463
2024-01-20 09:00:00,INT_001,509
2024-01-20 10:00:00,INT_001,161
2024-01-20 11:00:00,INT_001,211
2024-01-20 12:00:00,INT_001,343
2024-01-20 13:00:00,INT_001,328
2024-01-20 14:00:00,INT_001,334
2024-01-20 15:00:00,INT_001,219
2024-01-20 16:00:00,INT_001,213
2024-01-20 17:00:00,INT_001,577
2024-01-20 18:00:00,INT_001,567
2024-01-20 19:00:00,INT_001,550
2024-01-20 20:00:00,INT_001,196
2024-01-20 21:00:00,INT_001,230
2024-01-20 22:00:00,INT_001,74
2024-01-20 23:00:00,INT_001,34
2024-01-21 00:00:00,INT_001,72
2024-01-21 01:00:00,INT_001,45
2024-01-21 02:00:00,INT_001,50
2024-01-21 03:00:00,INT_001,57
2024-01-21 04:00:00,INT_001,74
2024-01-21 05:00:00,INT_001,88
2024-01-21 06:00:00,INT_001,194
2024-01-21 07:00:00,INT_001,488
2024-01-21 08:00:00,INT_001,513
2024-01-21 09:00:00,INT_001,483
2024-01-21 10:00:00,INT_001,222
2024-01-21 11:00:00,INT_001,202
2024-01-21 12:00:00,INT_001,394
2024-01-21 13:00:00,INT_001,354
2024-01-21 14:00:00,INT_001,347
2024-01-21 15:00:00,INT_001,186
2024-01-21 16:00:00,INT_001,156
2024-01-21 17:00:00,INT_001,569
2024-01-21 18:00:00,INT_001,559
2024-01-21 19:00:00,INT_001,544
2024-01-21 20:00:00,INT_001,210
2024-01-21 21:00:00,INT_001,201
2024-01-21 22:00:00,INT_001,58
2024-01-21 23:00:00,INT_001,19
2024-01-22 00:00:00,INT_001,95
2024-01-22 01:00:00,INT_001,68
2024-01-22 02:00:00,INT_001,85
2024-01-22 03:00:00,INT_001,64
2024-01-22 04:00:00,INT_001,59
2024-01-22 05:00:00,INT_001,51
2024-01-22 06:00:00,INT_001,233
2024-01-22 07:00:00,INT_001,623
2024-01-22 08:00:00,INT_001,587
2024-01-22 09:00:00,INT_001,640
2024-01-22 10:00:00,INT_001,212
2024-01-22 11:00:00,INT_001,277
2024-01-22 12:00:00,INT_001,442
2024-01-22 13:00:00,INT_001,438
2024-01-22 14:00:00,INT_001,429
2024-01-22 15:00:00,INT_001,292
2024-01-22 16:00:00,INT_001,236
2024-01-22 17:00:00,INT_001,693
2024-01-22 18:00:00,INT_001,717
2024-01-22 19:00:00,INT_001,719
2024-01-22 20:00:00,INT_001,263
2024-01-22 21:00:00,INT_001,257
2024-01-22 22:00:00,INT_001,63
2024-01-22 23:00:00,INT_001,73
2024-01-23 00:00:00,INT_001,89
2024-01-23 01:00:00,INT_001,63
2024-01-23 02:00:00,INT_001,102
2024-01-23 03:00:00,INT_001,64
2024-01-23 04:00:00,INT_001,46
2024-01-23 05:00:00,INT_001,52
2024-01-23 06:00:00,INT_001,225
2024-01-23 07:00:00,INT_001,639
2024-01-23 08:00:00,INT_001,614
2024-01-23 09:00:00,INT_001,628
2024-01-23 10:00:00,INT_001,196
2024-01-23 11:00:00,INT_001,224
2024-01-23 12:00:00,INT_001,415
2024-01-23 13:00:00,INT_001,417
2024-01-23 14:00:00,INT_001,480
2024-01-23 15:00:00,INT_001,267
2024-01-23 16:00:00,INT_001,279
2024-01-23 17:00:00,INT_001,650
2024-01-23 18:00:00,INT_001,689
2024-01-23 19:00:00,INT_001,692
2024-01-23 20:00:00,INT_001,258
2024-01-23 21:00:00,INT_001,221
2024-01-23 22:00:00,INT_001,91
2024-01-23 23:00:00,INT_001,88
2024-01-24 00:00:00,INT_001,109
2024-01-24 01:00:00,INT_001,99
2024-01-24 02:00:00,INT_001,58
2024-01-24 03:00:00,INT_001,50
2024-01-24 04:00:00,INT_001,73
2024-01-24 05:00:00,INT_001,83
2024-01-24 06:00:00,INT_001,292
2024-01-24 07:00:00,INT_001,641
2024-01-24 08:00:00,INT_001,640
2024-01-24 09:00:00,INT_001,605
2024-01-24 10:00:00,INT_001,247
2024-01-24 11:00:00,INT_001,243
2024-01-24 12:00:00,INT_001,465
2024-01-24 13:00:00,INT_001,472
2024-01-24 14:00:00,INT_001,448
2024-01-24 15:00:00,INT_001,246
2024-01-24 16:00:00,INT_001,238
2024-01-24 17:00:00,INT_001,693
2024-01-24 18:00:00,INT_001,681
2024-01-24 19:00:00,INT_001,719
2024-01-24 20:00:00,INT_001,245
2024-01-24 21:00:00,INT_001,241
2024-01-24 22:00:00,INT_001,67
2024-01-24 23:00:00,INT_001,67
2024-01-25 00:00:00,INT_001,83
2024-01-25 01:00:00,INT_001,79
2024-01-25 02:00:00,INT_001,106
2024-01-25 03:00:00,INT_001,76
2024-01-25 04:00:00,INT_001,46
2024-01-25 05:00:00,INT_001,85
2024-01-25 06:00:00,INT_001,217
2024-01-25 07:00:00,INT_001,634
2024-01-25 08:00:00,INT_001,642
2024-01-25 09:00:00,INT_001,647
2024-01-25 10:00:00,INT_001,265
2024-01-25 11:00:00,INT_001,252
2024-01-25 12:00:00,INT_001,474
2024-01-25 13:00:00,INT_001,463
2024-01-25 14:00:00,INT_001,438
2024-01-25 15:00:00,INT_001,227
2024-01-25 16:00:00,INT_001,223
2024-01-25 17:00:00,INT_001,704
2024-01-25 18:00:00,INT_001,689
2024-01-25 19:00:00,INT_001,701
2024-01-25 20:00:00,INT_001,255
2024-01-25 21:00:00,INT_001,268
2024-01-25 22:00:00,INT_001,66
2024-01-25 23:00:00,INT_001,73
2024-01-26 00:00:00,INT_001,99
2024-01-26 01:00:00,INT_001,98
2024-01-26 02:00:00,INT_001,75
2024-01-26 03:00:00,INT_001,95
2024-01-26 04:00:00,INT_001,107
2024-01-26 05:00:00,INT_001,78
2024-01-26 06:00:00,INT_001,247
2024-01-26 07:00:00,INT_001,646
2024-01-26 08:00:00,INT_001,639
2024-01-26 09:00:00,INT_001,686
2024-01-26 10:00:00,INT_001,227
2024-01-26 11:00:00,INT_001,232
2024-01-26 12:00:00,INT_001,459
2024-01-26 13:00:00,INT_001,447
2024-01-26 14:00:00,INT_001,484
2024-01-26 15:00:00,INT_001,239
2024-01-26 16:00:00,INT_001,238
2024-01-26 17:00:00,INT_001,712
2024-01-26 18:00:00,INT_001,732
2024-01-26 19:00:00,INT_001,679
2024-01-26 20:00:00,INT_001,255
2024-01-26 21:00:00,INT_001,265
2024-01-26 22:00:00,INT_001,77
2024-01-26 23:00:00,INT_001,44
2024-01-27 00:00:00,INT_001,25
2024-01-27 01:00:00,INT_001,47
2024-01-27 02:00:00,INT_001,92
2024-01-27 03:00:00,INT_001,91
2024-01-27 04:00:00,INT_001,78
2024-01-27 05:00:00,INT_001,53
2024-01-27 06:00:00,INT_001,184
2024-01-27 07:00:00,INT_001,531
2024-01-27 08:00:00,INT_001,518
2024-01-27 09:00:00,INT_001,505
2024-01-27 10:00:00,INT_001,157
2024-01-27 11:00:00,INT_001,184
2024-01-27 12:00:00,INT_001,371
2024-01-27 13:00:00,INT_001,376
2024-01-27 14:00:00,INT_001,369
2024-01-27 15:00:00,INT_001,222
2024-01-27 16:00:00,INT_001,186
2024-01-27 17:00:00,INT_001,589
2024-01-27 18:00:00,INT_001,550
2024-01-27 19:00:00,INT_001,567
2024-01-27 20:00:00,INT_001,215
2024-01-27 21:00:00,INT_001,198
2024-01-27 22:00:00,INT_001,69
2024-01-27 23:00:00,INT_001,52
2024-01-28 00:00:00,INT_001,76
2024-01-28 01:00:00,INT_001,59
2024-01-28 02:00:00,INT_001,41
2024-01-28 03:00:00,INT_001,62
2024-01-28 04:00:00,INT_001,68
2024-01-28 05:00:00,INT_001,34
2024-01-28 06:00:00,INT_001,219
2024-01-28 07:00:00,INT_001,485
2024-01-28 08:00:00,INT_001,522
2024-01-28 09:00:00,INT_001,458
2024-01-28 10:00:00,INT_001,195
2024-01-28 11:00:00,INT_001,222
2024-01-28 12:00:00,INT_001,370
2024-01-28 13:00:00,INT_001,382
2024-01-28 14:00:00,INT_001,352
2024-01-28 15:00:00,INT_001,195
2024-01-28 16:00:00,INT_001,186
2024-01-28 17:00:00,INT_001,545
2024-01-28 18:00:00,INT_001,552
2024-01-28 19:00:00,INT_001,538
2024-01-28 20:00:00,INT_001,212
2024-01-28 21:00:00,INT_001,203
2024-01-28 22:00:00,INT_001,33
2024-01-28 23:00:00,INT_001,32
2024-01-29 00:00:00,INT_001,104
2024-01-29 01:00:00,INT_001,93
2024-01-29 02:00:00,INT_001,71
2024-01-29 03:00:00,INT_001,78
2024-01-29 04:00:00,INT_001,78
2024-01-29 05:00:00,INT_001,84
2024-01-29 06:00:00,INT_001,235
2024-01-29 07:00:00,INT_001,648
2024-01-29 08:00:00,INT_001,633
2024-01-29 09:00:00,INT_001,629
2024-01-29 10:00:00,INT_001,264
2024-01-29 11:00:00,INT_001,241
2024-01-29 12:00:00,INT_001,454
2024-01-29 13:00:00,INT_001,464
2024-01-29 14:00:00,INT_001,494
2024-01-29 15:00:00,INT_001,257
2024-01-29 16:00:00,INT_001,272
2024-01-29 17:00:00,INT_001,721
2024-01-29 18:00:00,INT_001,720
2024-01-29 19:00:00,INT_001,673
2024-01-29 20:00:00,INT_001,270
2024-01-29 21:00:00,INT_001,233
2024-01-29 22:00:00,INT_001,103
2024-01-29 23:00:00,INT_001,68
2024-01-30 00:00:00,INT_001,60
2024-01-30 01:00:00,INT_001,66
2024-01-30 02:00:00,INT_001,91
2024-01-30 03:00:00,INT_001,93
2024-01-30 04:00:00,INT_001,81
2024-01-30 05:00:00,INT_001,67
2024-01-30 06:00:00,INT_001,240
2024-01-30 07:00:00,INT_001,620
2024-01-30 08:00:00,INT_001,624
2024-01-30 09:00:00,INT_001,649
2024-01-30 10:00:00,INT_001,281
2024-01-30 11:00:00,INT_001,248
2024-01-30 12:00:00,INT_001,474
2024-01-30 13:00:00,INT_001,438
2024-01-30 14:00:00,INT_001,425
2024-01-30 15:00:00,INT_001,250
2024-01-30 16:00:00,INT_001,259
2024-01-30 17:00:00,INT_001,684
2024-01-30 18:00:00,INT_001,707
2024-01-30 19:00:00,INT_001,697
2024-01-30 20:00:00,INT_001,247
2024-01-30 21:00:00,INT_001,266
2024-01-30 22:00:00,INT_001,55
2024-01-30 23:00:00,INT_001,69
2024-01-31 00:00:00,INT_001,44
2024-01-31 01:00:00,INT_001,62
2024-01-31 02:00:00,INT_001,52
2024-01-31 03:00:00,INT_001,59
2024-01-31 04:00:00,INT_001,66
2024-01-31 05:00:00,INT_001,89
2024-01-31 06:00:00,INT_001,246
2024-01-31 07:00:00,INT_001,632
2024-01-31 08:00:00,INT_001,631
2024-01-31 09:00:00,INT_001,619
2024-01-31 10:00:00,INT_001,228
2024-01-31 11:00:00,INT_001,261
2024-01-31 12:00:00,INT_001,443
2024-01-31 13:00:00,INT_001,449
2024-01-31 14:00:00,INT_001,458
2024-01-31 15:00:00,INT_001,259
2024-01-31 16:00:00,INT_001,262
2024-01-31 17:00:00,INT_001,703
2024-01-31 18:00:00,INT_001,703
2024-01-31 19:00:00,INT_001,729
2024-01-31 20:00:00,INT_001,283
2024-01-31 21:00:00,INT_001,283
2024-01-31 22:00:00,INT_001,81
2024-01-31 23:00:00,INT_001,69
2024-02-01 00:00:00,INT_001,92
2024-02-01 01:00:00,INT_001,76
2024-02-01 02:00:00,INT_001,69
2024-02-01 03:00:00,INT_001,88
2024-02-01 04:00:00,INT_001,39
2024-02-01 05:00:00,INT_001,58
2024-02-01 06:00:00,INT_001,227
2024-02-01 07:00:00,INT_001,612
2024-02-01 08:00:00,INT_001,642
2024-02-01 09:00:00,INT_001,621
2024-02-01 10:00:00,INT_001,260
2024-02-01 11:00:00,INT_001,244
2024-02-01 12:00:00,INT_001,473
2024-02-01 13:00:00,INT_001,455
2024-02-01 14:00:00,INT_001,466
2024-02-01 15:00:00,INT_001,230
2024-02-01 16:00:00,INT_001,228
2024-02-01 17:00:00,INT_001,693
2024-02-01 18:00:00,INT_001,701
2024-02-01 19:00:00,INT_001,703
2024-02-01 20:00:00,INT_001,227
2024-02-01 21:00:00,INT_001,249
2024-02-01 22:00:00,INT_001,57
2024-02-01 23:00:00,INT_001,80
2024-02-02 00:00:00,INT_001,96
2024-02-02 01:00:00,INT_001,86
2024-02-02 02:00:00,INT_001,95
2024-02-02 03:00:00,INT_001,65
2024-02-02 04:00:00,INT_001,107
2024-02-02 05:00:00,INT_001,58
2024-02-02 06:00:00,INT_001,212
2024-02-02 07:00:00,INT_001,637
2024-02-02 08:00:00,INT_001,616
2024-02-02 09:00:00,INT_001,591
2024-02-02 10:00:00,INT_001,271
2024-02-02 11:00:00,INT_001,229
2024-02-02 12:00:00,INT_001,470
2024-02-02 13:00:00,INT_001,437
2024-02-02 14:00:00,INT_001,491
2024-02-02 15:00:00,INT_001,264
2024-02-02 16:00:00,INT_001,240
2024-02-02 17:00:00,INT_001,665
2024-02-02 18:00:00,INT_001,688
2024-02-02 19:00:00,INT_001,703
2024-02-02 20:00:00,INT_001,204
2024-02-02 21:00:00,INT_001,252
2024-02-02 22:00:00,INT_001,99
2024-02-02 23:00:00,INT_001,68
2024-02-03 00:00:00,INT_001,67
2024-02-03 01:00:00,INT_001,56
2024-02-03 02:00:00,INT_001,51
2024-02-03 03:00:00,INT_001,79
2024-02-03 04:00:00,INT_001,77
2024-02-03 05:00:00,INT_001,35
2024-02-03 06:00:00,INT_001,183
2024-02-03 07:00:00,INT_001,492
2024-02-03 08:00:00,INT_001,503
2024-02-03 09:00:00,INT_001,506
2024-02-03 10:00:00,INT_001,206
2024-02-03 11:00:00,INT_001,214
2024-02-03 12:00:00,INT_001,364
2024-02-03 13:00:00,INT_001,330
2024-02-03 14:00:00,INT_001,344
2024-02-03 15:00:00,INT_001,192
2024-02-03 16:00:00,INT_001,169
2024-02-03 17:00:00,INT_001,532
2024-02-03 18:00:00,INT_001,566
2024-02-03 19:00:00,INT_001,597
2024-02-03 20:00:00,INT_001,193
2024-02-03 21:00:00,INT_001,246
2024-02-03 22:00:00,INT_001,71
2024-02-03 23:00:00,INT_001,18
2024-02-04 00:00:00,INT_001,54
2024-02-04 01:00:00,INT_001,72
2024-02-04 02:00:00,INT_001,41
2024-02-04 03:00:00,INT_001,73
2024-02-04 04:00:00,INT_001,46
2024-02-04 05:00:00,INT_001,69
2024-02-04 06:00:00,INT_001,195
2024-02-04 07:00:00,INT_001,491
2024-02-04 08:00:00,INT_001,532
2024-02-04 09:00:00,INT_001,485
2024-02-04 10:00:00,INT_001,219
2024-02-04 11:00:00,INT_001,165
2024-02-04 12:00:00,INT_001,368
2024-02-04 13:00:00,INT_001,372
2024-02-04 14:00:00,INT_001,377
2024-02-04 15:00:00,INT_001,203
2024-02-04 16:00:00,INT_001,221
2024-02-04 17:00:00,INT_001,567
2024-02-04 18:00:00,INT_001,577
2024-02-04 19:00:00,INT_001,537
2024-02-04 20:00:00,INT_001,191
2024-02-04 21:00:00,INT_001,201
2024-02-04 22:00:00,INT_001,47
2024-02-04 23:00:00,INT_001,32
2024-02-05 00:00:00,INT_001,106
2024-02-05 01:00:00,INT_001,68
2024-02-05 02:00:00,INT_001,68
2024-02-05 03:00:00,INT_001,79
2024-02-05 04:00:00,INT_001,84
2024-02-05 05:00:00,INT_001,57
2024-02-05 06:00:00,INT_001,265
2024-02-05 07:00:00,INT_001,625
2024-02-05 08:00:00,INT_001,659
2024-02-05 09:00:00,INT_001,623
2024-02-05 10:00:00,INT_001,289
2024-02-05 11:00:00,INT_001,263
2024-02-05 12:00:00,INT_001,454
2024-02-05 13:00:00,INT_001,471
2024-02-05 14:00:00,INT_001,441
2024-02-05 15:00:00,INT_001,224
2024-02-05 16:00:00,INT_001,276
2024-02-05 17:00:00,INT_001,705
2024-02-05 18:00:00,INT_001,713
2024-02-05 19:00:00,INT_001,702
2024-02-05 20:00:00,INT_001,247
2024-02-05 21:00:00,INT_001,253
2024-02-05 22:00:00,INT_001,67
2024-02-05 23:00:00,INT_001,76
2024-02-06 00:00:00,INT_001,90
2024-02-06 01:00:00,INT_001,73
2024-02-06 02:00:00,INT_001,77
2024-02-06 03:00:00,INT_001,78
2024-02-06 04:00:00,INT_001,71
2024-02-06 05:00:00,INT_001,66
2024-02-06 06:00:00,INT_001,254
2024-02-06 07:00:00,INT_001,601
2024-02-06 08:00:00,INT_001,612
2024-02-06 09:00:00,INT_001,630
2024-02-06 10:00:00,INT_001,263
2024-02-06 11:00:00,INT_001,251
2024-02-06 12:00:00,INT_001,473
2024-02-06 13:00:00,INT_001,470
2024-02-06 14:00:00,INT_001,437
2024-02-06 15:00:00,INT_001,247
2024-02-06 16:00:00,INT_001,237
2024-02-06 17:00:00,INT_001,674
2024-02-06 18:00:00,INT_001,672
2024-02-06 19:00:00,INT_001,696
2024-02-06 20:00:00,INT_001,244
2024-02-06 21:00:00,INT_001,244
2024-02-06 22:00:00,INT_001,76
2024-02-06 23:00:00,INT_001,48
2024-02-07 00:00:00,INT_001,80
2024-02-07 01:00:00,INT_001,100
2024-02-07 02:00:00,INT_001,70
2024-02-07 03:00:00,INT_001,102
2024-02-07 04:00:00,INT_001,57
2024-02-07 05:00:00,INT_001,88
2024-02-07 06:00:00,INT_001,276
2024-02-07 07:00:00,INT_001,615
2024-02-07 08:00:00,INT_001,638
2024-02-07 09:00:00,INT_001,675
2024-02-07 10:00:00,INT_001,263
2024-02-07 11:00:00,INT_001,263
2024-02-07 12:00:00,INT_001,467
2024-02-07 13:00:00,INT_001,452
2024-02-07 14:00:00,INT_001,451
2024-02-07 15:00:00,INT_001,261
2024-02-07 16:00:00,INT_001,246
2024-02-07 17:00:00,INT_001,722
2024-02-07 18:00:00,INT_001,714
2024-02-07 19:00:00,INT_001,709
2024-02-07 20:00:00,INT_001,247
2024-02-07 21:00:00,INT_001,249
2024-02-07 22:00:00,INT_001,55
2024-02-07 23:00:00,INT_001,59
2024-02-08 00:00:00,INT_001,105
2024-02-08 01:00:00,INT_001,106
2024-02-08 02:00:00,INT_001,66
2024-02-08 03:00:00,INT_001,24
2024-02-08 04:00:00,INT_001,95
2024-02-08 05:00:00,INT_001,63
2024-02-08 06:00:00,INT_001,227
2024-02-08 07:00:00,INT_001,633
2024-02-08 08:00:00,INT_001,630
2024-02-08 09:00:00,INT_001,607
2024-02-08 10:00:00,INT_001,252
2024-02-08 11:00:00,INT_001,232
2024-02-08 12:00:00,INT_001,432
2024-02-08 13:00:00,INT_001,453
2024-02-08 14:00:00,INT_001,483
2024-02-08 15:00:00,INT_001,255
2024-02-08 16:00:00,INT_001,247
2024-02-08 17:00:00,INT_001,674
2024-02-08 18:00:00,INT_001,715
2024-02-08 19:00:00,INT_001,723
2024-02-08 20:00:00,INT_001,256
2024-02-08 21:00:00,INT_001,266
2024-02-08 22:00:00,INT_001,81
2024-02-08 23:00:00,INT_001,114
2024-02-09 00:00:00,INT_001,62
2024-02-09 01:00:00,INT_001,110
2024-02-09 02:00:00,INT_001,72
2024-02-09 03:00:00,INT_001,43
2024-02-09 04:00:00,INT_001,100
2024-02-09 05:00:00,INT_001,92
2024-02-09 06:00:00,INT_001,268
2024-02-09 07:00:00,INT_001,665
2024-02-09 08:00:00,INT_001,679
2024-02-09 09:00:00,INT_001,549
2024-02-09 10:00:00,INT_001,241
2024-02-09 11:00:00,INT_001,241
2024-02-09 12:00:00,INT_001,477
2024-02-09 13:00:00,INT_001,438
2024-02-09 14:00:00,INT_001,449
2024-02-09 15:00:00,INT_001,251
2024-02-09 16:00:00,INT_001,280
2024-02-09 17:00:00,INT_001,719
2024-02-09 18:00:00,INT_001,748
2024-02-09 19:00:00,INT_001,677
2024-02-09 20:00:00,INT_001,286
2024-02-09 21:00:00,INT_001,233
2024-02-09 22:00:00,INT_001,47
2024-02-09 23:00:00,INT_001,74
2024-02-10 00:00:00,INT_001,39
2024-02-10 01:00:00,INT_001,59
2024-02-10 02:00:00,INT_001,35
2024-02-10 03:00:00,INT_001,65
2024-02-10 04:00:00,INT_001,57
2024-02-10 05:00:00,INT_001,52
2024-02-10 06:00:00,INT_001,180
2024-02-10 07:00:00,INT_001,509
2024-02-10 08:00:00,INT_001,488
2024-02-10 09:00:00,INT_001,510
2024-02-10 10:00:00,INT_001,165
2024-02-10 11:00:00,INT_001,226
2024-02-10 12:00:00,INT_001,380
2024-02-10 13:00:00,INT_001,362
2024-02-10 14:00:00,INT_001,344
2024-02-10 15:00:00,INT_001,173
2024-02-10 16:00:00,INT_001,195
2024-02-10 17:00:00,INT_001,548
2024-02-10 18:00:00,INT_001,547
2024-02-10 19:00:00,INT_001,526
2024-02-10 20:00:00,INT_001,217
2024-02-10 21:00:00,INT_001,182
2024-02-10 22:00:00,INT_001,54
2024-02-10 23:00:00,INT_001,54
2024-02-11 00:00:00,INT_001,54
2024-02-11 01:00:00,INT_001,38
2024-02-11 02:00:00,INT_001,112
2024-02-11 03:00:00,INT_001,100
2024-02-11 04:00:00,INT_001,63
2024-02-11 05:00:00,INT_001,66
2024-02-11 06:00:00,INT_001,207
2024-02-11 07:00:00,INT_001,471
2024-02-11 08:00:00,INT_001,486
2024-02-11 09:00:00,INT_001,481
2024-02-11 10:00:00,INT_001,205
2024-02-11 11:00:00,INT_001,170
2024-02-11 12:00:00,INT_001,399
2024-02-11 13:00:00,INT_001,341
2024-02-11 14:00:00,INT_001,361
2024-02-11 15:00:00,INT_001,174
2024-02-11 16:00:00,INT_001,201
2024-02-11 17:00:00,INT_001,563
2024-02-11 18:00:00,INT_001,558
2024-02-11 19:00:00,INT_001,544
2024-02-11 20:00:00,INT_001,173
2024-02-11 21:00:00,INT_001,196
2024-02-11 22:00:00,INT_001,64
2024-02-11 23:00:00,INT_001,45
2024-02-12 00:00:00,INT_001,51
2024-02-12 01:00:00,INT_001,37
2024-02-12 02:00:00,INT_001,77
2024-02-12 03:00:00,INT_001,101
2024-02-12 04:00:00,INT_001,54
2024-02-12 05:00:00,INT_001,79
2024-02-12 06:00:00,INT_001,269
2024-02-12 07:00:00,INT_001,623
2024-02-12 08:00:00,INT_001,644
2024-02-12 09:00:00,INT_001,618
2024-02-12 10:00:00,INT_001,248
2024-02-12 11:00:00,INT_001,218
2024-02-12 12:00:00,INT_001,437
2024-02-12 13:00:00,INT_001,466
2024-02-12 14:00:00,INT_001,470
2024-02-12 15:00:00,INT_001,253
2024-02-12 16:00:00,INT_001,264
2024-02-12 17:00:00,INT_001,687
2024-02-12 18:00:00,INT_001,707
2024-02-12 19:00:00,INT_001,680
2024-02-12 20:00:00,INT_001,226
2024-02-12 21:00:00,INT_001,246
2024-02-12 22:00:00,INT_001,46
2024-02-12 23:00:00,INT_001,61
2024-02-13 00:00:00,INT_001,43
2024-02-13 01:00:00,INT_001,76
2024-02-13 02:00:00,INT_001,45
2024-02-13 03:00:00,INT_001,64
2024-02-13 04:00:00,INT_001,68
2024-02-13 05:00:00,INT_001,72
2024-02-13 06:00:00,INT_001,229
2024-02-13 07:00:00,INT_001,640
2024-02-13 08:00:00,INT_001,600
2024-02-13 09:00:00,INT_001,597
2024-02-13 10:00:00,INT_001,220
2024-02-13 11:00:00,INT_001,266
2024-02-13 12:00:00,INT_001,463
2024-02-13 13:00:00,INT_001,428
2024-02-13 14:00:00,INT_001,464
2024-02-13 15:00:00,INT_001,216
2024-02-13 16:00:00,INT_001,283
2024-02-13 17:00:00,INT_001,654
2024-02-13 18:00:00,INT_001,696
2024-02-13 19:00:00,INT_001,710
2024-02-13 20:00:00,INT_001,286
2024-02-13 21:00:00,INT_001,264
2024-02-13 22:00:00,INT_001,65
2024-02-13 23:00:00,INT_001,81
2024-02-14 00:00:00,INT_001,82
2024-02-14 01:00:00,INT_001,72
2024-02-14 02:00:00,INT_001,93
2024-02-14 03:00:00,INT_001,105
2024-02-14 04:00:00,INT_001,97
2024-02-14 05:00:00,INT_001,100
2024-02-14 06:00:00,INT_001,273
2024-02-14 07:00:00,INT_001,626
2024-02-14 08:00:00,INT_001,629
2024-02-14 09:00:00,INT_001,632
2024-02-14 10:00:00,INT_001,229
2024-02-14 11:00:00,INT_001,260
2024-02-14 12:00:00,INT_001,494
2024-02-14 13:00:00,INT_001,465
2024-02-14 14:00:00,INT_001,432
2024-02-14 15:00:00,INT_001,216
2024-02-14 16:00:00,INT_001,241
2024-02-14 17:00:00,INT_001,719
2024-02-14 18:00:00,INT_001,690
2024-02-14 19:00:00,INT_001,709
2024-02-14 20:00:00,INT_001,257
2024-02-14 21:00:00,INT_001,243
2024-02-14 22:00:00,INT_001,67
2024-02-14 23:00:00,INT_001,100
2024-02-15 00:00:00,INT_001,54
2024-02-15 01:00:00,INT_001,76
2024-02-15 02:00:00,INT_001,63
2024-02-15 03:00:00,INT_001,70
2024-02-15 04:00:00,INT_001,57
2024-02-15 05:00:00,INT_001,38
2024-02-15 06:00:00,INT_001,251
2024-02-15 07:00:00,INT_001,607
2024-02-15 08:00:00,INT_001,625
2024-02-15 09:00:00,INT_001,633
2024-02-15 10:00:00,INT_001,230
2024-02-15 11:00:00,INT_001,240
2024-02-15 12:00:00,INT_001,454
2024-02-15 13:00:00,INT_001,483
2024-02-15 14:00:00,INT_001,437
2024-02-15 15:00:00,INT_001,251
2024-02-15 16:00:00,INT_001,261
2024-02-15 17:00:00,INT_001,726
2024-02-15 18:00:00,INT_001,720
2024-02-15 19:00:00,INT_001,683
2024-02-15 20:00:00,INT_001,278
2024-02-15 21:00:00,INT_001,271
2024-02-15 22:00:00,INT_001,81
2024-02-15 23:00:00,INT_001,79
2024-02-16 00:00:00,INT_001,54
2024-02-16 01:00:00,INT_001,71
2024-02-16 02:00:00,INT_001,104
2024-02-16 03:00:00,INT_001,62
2024-02-16 04:00:00,INT_001,101
2024-02-16 05:00:00,INT_001,55
2024-02-16 06:00:00,INT_001,257
2024-02-16 07:00:00,INT_001,639
2024-02-16 08:00:00,INT_001,643
2024-02-16 09:00:00,INT_001,665
2024-02-16 10:00:00,INT_001,230
2024-02-16 11:00:00,INT_001,241
2024-02-16 12:00:00,INT_001,450
2024-02-16 13:00:00,INT_001,467
2024-02-16 14:00:00,INT_001,420
2024-02-16 15:00:00,INT_001,284
2024-02-16 16:00:00,INT_001,262
2024-02-16 17:00:00,INT_001,682
2024-02-16 18:00:00,INT_001,701
2024-02-16 19:00:00,INT_001,723
2024-02-16 20:00:00,INT_001,245
2024-02-16 21:00:00,INT_001,185
2024-02-16 22:00:00,INT_001,73
2024-02-16 23:00:00,INT_001,70
2024-02-17 00:00:00,INT_001,41
2024-02-17 01:00:00,INT_001,65
2024-02-17 02:00:00,INT_001,82
2024-02-17 03:00:00,INT_001,33
2024-02-17 04:00:00,INT_001,31
2024-02-17 05:00:00,INT_001,70
2024-02-17 06:00:00,INT_001,206
2024-02-17 07:00:00,INT_001,498
2024-02-17 08:00:00,INT_001,485
2024-02-17 09:00:00,INT_001,476
2024-02-17 10:00:00,INT_001,200
2024-02-17 11:00:00,INT_001,213
2024-02-17 12:00:00,INT_001,330
2024-02-17 13:00:00,INT_001,342
2024-02-17 14:00:00,INT_001,350
2024-02-17 15:00:00,INT_001,202
2024-02-17 16:00:00,INT_001,258
2024-02-17 17:00:00,INT_001,550
2024-02-17 18:00:00,INT_001,566
2024-02-17 19:00:00,INT_001,599
2024-02-17 20:00:00,INT_001,191
2024-02-17 21:00:00,INT_001,223
2024-02-17 22:00:00,INT_001,82
2024-02-17 23:00:00,INT_001,46
2024-02-18 00:00:00,INT_001,78
2024-02-18 01:00:00,INT_001,82
2024-02-18 02:00:00,INT_001,30
2024-02-18 03:00:00,INT_001,57
2024-02-18 04:00:00,INT_001,75
2024-02-18 05:00:00,INT_001,48
2024-02-18 06:00:00,INT_001,206
2024-02-18 07:00:00,INT_001,481
2024-02-18 08:00:00,INT_001,517
2024-02-18 09:00:00,INT_001,491
2024-02-18 10:00:00,INT_001,182
2024-02-18 11:00:00,INT_001,230
2024-02-18 12:00:00,INT_001,362
2024-02-18 13:00:00,INT_001,375
2024-02-18 14:00:00,INT_001,365
2024-02-18 15:00:00,INT_001,193
2024-02-18 16:00:00,INT_001,239
2024-02-18 17:00:00,INT_001,567
2024-02-18 18:00:00,INT_001,583
2024-02-18 19:00:00,INT_001,578
2024-02-18 20:00:00,INT_001,219
2024-02-18 21:00:00,INT_001,166
2024-02-18 22:00:00,INT_001,67
2024-02-18 23:00:00,INT_001,21
2024-02-19 00:00:00,INT_001,43
2024-02-19 01:00:00,INT_001,61
2024-02-19 02:00:00,INT_001,101
2024-02-19 03:00:00,INT_001,58
2024-02-19 04:00:00,INT_001,75
2024-02-19 05:00:00,INT_001,55
2024-02-19 06:00:00,INT_001,208
2024-02-19 07:00:00,INT_001,620
2024-02-19 08:00:00,INT_001,641
2024-02-19 09:00:00,INT_001,620
2024-02-19 10:00:00,INT_001,249
2024-02-19 11:00:00,INT_001,248
2024-02-19 12:00:00,INT_001,446
2024-02-19 13:00:00,INT_001,472
2024-02-19 14:00:00,INT_001,453
2024-02-19 15:00:00,INT_001,255
2024-02-19 16:00:00,INT_001,262
2024-02-19 17:00:00,INT_001,682
2024-02-19 18:00:00,INT_001,714
2024-02-19 19:00:00,INT_001,729
2024-02-19 20:00:00,INT_001,244
2024-02-19 21:00:00,INT_001,237
2024-02-19 22:00:00,INT_001,108
2024-02-19 23:00:00,INT_001,45
2024-02-20 00:00:00,INT_001,65
2024-02-20 01:00:00,INT_001,98
2024-02-20 02:00:00,INT_001,77
2024-02-20 03:00:00,INT_001,73
2024-02-20 04:00:00,INT_001,74
2024-02-20 05:00:00,INT_001,83
2024-02-20 06:00:00,INT_001,255
2024-02-20 07:00:00,INT_001,578
2024-02-20 08:00:00,INT_001,629
2024-02-20 09:00:00,INT_001,652
2024-02-20 10:00:00,INT_001,237
2024-02-20 11:00:00,INT_001,210
2024-02-20 12:00:00,INT_001,457
2024-02-20 13:00:00,INT_001,469
2024-02-20 14:00:00,INT_001,489
2024-02-20 15:00:00,INT_001,266
2024-02-20 16:00:00,INT_001,256
2024-02-20 17:00:00,INT_001,689
2024-02-20 18:00:00,INT_001,710
2024-02-20 19:00:00,INT_001,676
2024-02-20 20:00:00,INT_001,239
2024-02-20 21:00:00,INT_001,235
2024-02-20 22:00:00,INT_001,83
2024-02-20 23:00:00,INT_001,65
2024-02-21 00:00:00,INT_001,90
2024-02-21 01:00:00,INT_001,84
2024-02-21 02:00:00,INT_001,66
2024-02-21 03:00:00,INT_001,91
2024-02-21 04:00:00,INT_001,111
2024-02-21 05:00:00,INT_001,57
2024-02-21 06:00:00,INT_001,222
2024-02-21 07:00:00,INT_001,577
2024-02-21 08:00:00,INT_001,612
2024-02-21 09:00:00,INT_001,619
2024-02-21 10:00:00,INT_001,283
2024-02-21 11:00:00,INT_001,240
2024-02-21 12:00:00,INT_001,431
2024-02-21 13:00:00,INT_001,443
2024-02-21 14:00:00,INT_001,469
2024-02-21 15:00:00,INT_001,233
2024-02-21 16:00:00,INT_001,222
2024-02-21 17:00:00,INT_001,661
2024-02-21 18:00:00,INT_001,691
2024-02-21 19:00:00,INT_001,695
2024-02-21 20:00:00,INT_001,231
2024-02-21 21:00:00,INT_001,270
2024-02-21 22:00:00,INT_001,58
2024-02-21 23:00:00,INT_001,30
2024-02-22 00:00:00,INT_001,49
2024-02-22 01:00:00,INT_001,114
2024-02-22 02:00:00,INT_001,68
2024-02-22 03:00:00,INT_001,91
2024-02-22 04:00:00,INT_001,82
2024-02-22 05:00:00,INT_001,110
2024-02-22 06:00:00,INT_001,259
2024-02-22 07:00:00,INT_001,646
2024-02-22 08:00:00,INT_001,616
2024-02-22 09:00:00,INT_001,603
2024-02-22 10:00:00,INT_001,257
2024-02-22 11:00:00,INT_001,268
2024-02-22 12:00:00,INT_001,465
2024-02-22 13:00:00,INT_001,476
2024-02-22 14:00:00,INT_001,494
2024-02-22 15:00:00,INT_001,260
2024-02-22 16:00:00,INT_001,246
2024-02-22 17:00:00,INT_001,695
2024-02-22 18:00:00,INT_001,707
2024-02-22 19:00:00,INT_001,716
2024-02-22 20:00:00,INT_001,237
2024-02-22 21:00:00,INT_001,261
2024-02-22 22:00:00,INT_001,97
2024-02-22 23:00:00,INT_001,42
2024-02-23 00:00:00,INT_001,58
2024-02-23 01:00:00,INT_001,49
2024-02-23 02:00:00,INT_001,44
2024-02-23 03:00:00,INT_001,42
2024-02-23 04:00:00,INT_001,47
2024-02-23 05:00:00,INT_001,116
2024-02-23 06:00:00,INT_001,267
2024-02-23 07:00:00,INT_001,612
2024-02-23 08:00:00,INT_001,645
2024-02-23 09:00:00,INT_001,641
2024-02-23 10:00:00,INT_001,236
2024-02-23 11:00:00,INT_001,270
2024-02-23 12:00:00,INT_001,433
2024-02-23 13:00:00,INT_001,431
2024-02-23 14:00:00,INT_001,449
2024-02-23 15:00:00,INT_001,260
2024-02-23 16:00:00,INT_001,246
2024-02-23 17:00:00,INT_001,711
2024-02-23 18:00:00,INT_001,691
2024-02-23 19:00:00,INT_001,735
2024-02-23 20:00:00,INT_001,235
2024-02-23 21:00:00,INT_001,237
2024-02-23 22:00:00,INT_001,92
2024-02-23 23:00:00,INT_001,81
2024-02-24 00:00:00,INT_001,53
2024-02-24 01:00:00,INT_001,107
2024-02-24 02:00:00,INT_001,65
2024-02-24 03:00:00,INT_001,41
2024-02-24 04:00:00,INT_001,67
2024-02-24 05:00:00,INT_001,89
2024-02-24 06:00:00,INT_001,205
2024-02-24 07:00:00,INT_001,539
2024-02-24 08:00:00,INT_001,503
2024-02-24 09:00:00,INT_001,467
2024-02-24 10:00:00,INT_001,209
2024-02-24 11:00:00,INT_001,224
2024-02-24 12:00:00,INT_001,353
2024-02-24 13:00:00,INT_001,377
2024-02-24 14:00:00,INT_001,400
2024-02-24 15:00:00,INT_001,208
2024-02-24 16:00:00,INT_001,194
2024-02-24 17:00:00,INT_001,576
2024-02-24 18:00:00,INT_001,596
2024-02-24 19:00:00,INT_001,527
2024-02-24 20:00:00,INT_001,173
2024-02-24 21:00:00,INT_001,193
2024-02-24 22:00:00,INT_001,55
2024-02-24 23:00:00,INT_001,65
2024-02-25 00:00:00,INT_001,55
2024-02-25 01:00:00,INT_001,96
2024-02-25 02:00:00,INT_001,50
2024-02-25 03:00:00,INT_001,27
2024-02-25 04:00:00,INT_001,6
2024-02-25 05:00:00,INT_001,70
2024-02-25 06:00:00,INT_001,187
2024-02-25 07:00:00,INT_001,487
2024-02-25 08:00:00,INT_001,481
2024-02-25 09:00:00,INT_001,517
2024-02-25 10:00:00,INT_001,192
2024-02-25 11:00:00,INT_001,169
2024-02-25 12:00:00,INT_001,306
2024-02-25 13:00:00,INT_001,345
2024-02-25 14:00:00,INT_001,345
2024-02-25 15:00:00,INT_001,234
2024-02-25 16:00:00,INT_001,192
2024-02-25 17:00:00,INT_001,557
2024-02-25 18:00:00,INT_001,560
2024-02-25 19:00:00,INT_001,577
2024-02-25 20:00:00,INT_001,201
2024-02-25 21:00:00,INT_001,207
2024-02-25 22:00:00,INT_001,61
2024-02-25 23:00:00,INT_001,16
2024-02-26 00:00:00,INT_001,61
2024-02-26 01:00:00,INT_001,51
2024-02-26 02:00:00,INT_001,60
2024-02-26 03:00:00,INT_001,86
2024-02-26 04:00:00,INT_001,97
2024-02-26 05:00:00,INT_001,76
2024-02-26 06:00:00,INT_001,269
2024-02-26 07:00:00,INT_001,668
2024-02-26 08:00:00,INT_001,607
2024-02-26 09:00:00,INT_001,618
2024-02-26 10:00:00,INT_001,274
2024-02-26 11:00:00,INT_001,279
2024-02-26 12:00:00,INT_001,465
2024-02-26 13:00:00,INT_001,432
2024-02-26 14:00:00,INT_001,461
2024-02-26 15:00:00,INT_001,219
2024-02-26 16:00:00,INT_001,246
2024-02-26 17:00:00,INT_001,700
2024-02-26 18:00:00,INT_001,680
2024-02-26 19:00:00,INT_001,674
2024-02-26 20:00:00,INT_001,225
2024-02-26 21:00:00,INT_001,270
2024-02-26 22:00:00,INT_001,54
2024-02-26 23:00:00,INT_001,105
2024-02-27 00:00:00,INT_001,57
2024-02-27 01:00:00,INT_001,84
2024-02-27 02:00:00,INT_001,88
2024-02-27 03:00:00,INT_001,101
2024-02-27 04:00:00,INT_001,85
2024-02-27 05:00:00,INT_001,101
2024-02-27 06:00:00,INT_001,250
2024-02-27 07:00:00,INT_001,627
2024-02-27 08:00:00,INT_001,622
2024-02-27 09:00:00,INT_001,654
2024-02-27 10:00:00,INT_001,276
2024-02-27 11:00:00,INT_001,289
2024-02-27 12:00:00,INT_001,439
2024-02-27 13:00:00,INT_001,427
2024-02-27 14:00:00,INT_001,470
2024-02-27 15:00:00,INT_001,258
2024-02-27 16:00:00,INT_001,224
2024-02-27 17:00:00,INT_001,698
2024-02-27 18:00:00,INT_001,724
2024-02-27 19:00:00,INT_001,702
2024-02-27 20:00:00,INT_001,278
2024-02-27 21:00:00,INT_001,279
2024-02-27 22:00:00,INT_001,96
2024-02-27 23:00:00,INT_001,94
2024-02-28 00:00:00,INT_001,78
2024-02-28 01:00:00,INT_001,55
2024-02-28 02:00:00,INT_001,68
2024-02-28 03:00:00,INT_001,101
2024-02-28 04:00:00,INT_001,63
2024-02-28 05:00:00,INT_001,73
2024-02-28 06:00:00,INT_001,242
2024-02-28 07:00:00,INT_001,637
2024-02-28 08:00:00,INT_001,642
2024-02-28 09:00:00,INT_001,646
2024-02-28 10:00:00,INT_001,245
2024-02-28 11:00:00,INT_001,266
2024-02-28 12:00:00,INT_001,448
2024-02-28 13:00:00,INT_001,470
2024-02-28 14:00:00,INT_001,450
2024-02-28 15:00:00,INT_001,238
2024-02-28 16:00:00,INT_001,269
2024-02-28 17:00:00,INT_001,686
2024-02-28 18:00:00,INT_001,690
2024-02-28 19:00:00,INT_001,746
2024-02-28 20:00:00,INT_001,258
2024-02-28 21:00:00,INT_001,234
2024-02-28 22:00:00,INT_001,77
2024-02-28 23:00:00,INT_001,94
2024-02-29 00:00:00,INT_001,83
2024-02-29 01:00:00,INT_001,68
2024-02-29 02:00:00,INT_001,87
2024-02-29 03:00:00,INT_001,29
2024-02-29 04:00:00,INT_001,62
2024-02-29 05:00:00,INT_001,92
2024-02-29 06:00:00,INT_001,243
2024-02-29 07:00:00,INT_001,599
2024-02-29 08:00:00,INT_001,609
2024-02-29 09:00:00,INT_001,624
2024-02-29 10:00:00,INT_001,255
2024-02-29 11:00:00,INT_001,224
2024-02-29 12:00:00,INT_001,437
2024-02-29 13:00:00,INT_001,447
2024-02-29 14:00:00,INT_001,463
2024-02-29 15:00:00,INT_001,214
2024-02-29 16:00:00,INT_001,247
2024-02-29 17:00:00,INT_001,731
2024-02-29 18:00:00,INT_001,699
2024-02-29 19:00:00,INT_001,728
2024-02-29 20:00:00,INT_001,259
2024-02-29 21:00:00,INT_001,253
2024-02-29 22:00:00,INT_001,94
2024-02-29 23:00:00,INT_001,29
2024-01-01 00:00:00,INT_002,71
2024-01-01 01:00:00,INT_002,53
2024-01-01 02:00:00,INT_002,100
2024-01-01 03:00:00,INT_002,117
2024-01-01 04:00:00,INT_002,102
2024-01-01 05:00:00,INT_002,101
2024-01-01 06:00:00,INT_002,281
2024-01-01 07:00:00,INT_002,785
2024-01-01 08:00:00,INT_002,765
2024-01-01 09:00:00,INT_002,759
2024-01-01 10:00:00,INT_002,282
2024-01-01 11:00:00,INT_002,310
2024-01-01 12:00:00,INT_002,514
2024-01-01 13:00:00,INT_002,569
2024-01-01 14:00:00,INT_002,538
2024-01-01 15:00:00,INT_002,317
2024-01-01 16:00:00,INT_002,297
2024-01-01 17:00:00,INT_002,800
2024-01-01 18:00:00,INT_002,835
2024-01-01 19:00:00,INT_002,848
2024-01-01 20:00:00,INT_002,300
2024-01-01 21:00:00,INT_002,315
2024-01-01 22:00:00,INT_002,125
2024-01-01 23:00:00,INT_002,79
2024-01-02 00:00:00,INT_002,74
2024-01-02 01:00:00,INT_002,97
2024-01-02 02:00:00,INT_002,68
2024-01-02 03:00:00,INT_002,118
2024-01-02 04:00:00,INT_002,107
2024-01-02 05:00:00,INT_002,92
2024-01-02 06:00:00,INT_002,277
2024-01-02 07:00:00,INT_002,770
2024-01-02 08:00:00,INT_002,764
2024-01-02 09:00:00,INT_002,713
2024-01-02 10:00:00,INT_002,252
2024-01-02 11:00:00,INT_002,253
2024-01-02 12:00:00,INT_002,515
2024-01-02 13:00:00,INT_002,540
2024-01-02 14:00:00,INT_002,530
2024-01-02 15:00:00,INT_002,286
2024-01-02 16:00:00,INT_002,319
2024-01-02 17:00:00,INT_002,839
2024-01-02 18:00:00,INT_002,826
2024-01-02 19:00:00,INT_002,848
2024-01-02 20:00:00,INT_002,281
2024-01-02 21:00:00,INT_002,311
2024-01-02 22:00:00,INT_002,72
2024-01-02 23:00:00,INT_002,76
2024-01-03 00:00:00,INT_002,60
2024-01-03 01:00:00,INT_002,77
2024-01-03 02:00:00,INT_002,106
2024-01-03 03:00:00,INT_002,100
2024-01-03 04:00:00,INT_002,100
2024-01-03 05:00:00,INT_002,113
2024-01-03 06:00:00,INT_002,268
2024-01-03 07:00:00,INT_002,753
2024-01-03 08:00:00,INT_002,751
2024-01-03 09:00:00,INT_002,713
2024-01-03 10:00:00,INT_002,293
2024-01-03 11:00:00,INT_002,310
2024-01-03 12:00:00,INT_002,545
2024-01-03 13:00:00,INT_002,547
2024-01-03 14:00:00,INT_002,539
2024-01-03 15:00:00,INT_002,324
2024-01-03 16:00:00,INT_002,289
2024-01-03 17:00:00,INT_002,827
2024-01-03 18:00:00,INT_002,862
2024-01-03 19:00:00,INT_002,815
2024-01-03 20:00:00,INT_002,291
2024-01-03 21:00:00,INT_002,310
2024-01-03 22:00:00,INT_002,70
2024-01-03 23:00:00,INT_002,61
2024-01-04 00:00:00,INT_002,80
2024-01-04 01:00:00,INT_002,110
2024-01-04 02:00:00,INT_002,71
2024-01-04 03:00:00,INT_002,86
2024-01-04 04:00:00,INT_002,71
2024-01-04 05:00:00,INT_002,89
2024-01-04 06:00:00,INT_002,305
2024-01-04 07:00:00,INT_002,752
2024-01-04 08:00:00,INT_002,709
2024-01-04 09:00:00,INT_002,738
2024-01-04 10:00:00,INT_002,287
2024-01-04 11:00:00,INT_002,289
2024-01-04 12:00:00,INT_002,540
2024-01-04 13:00:00,INT_002,543
2024-01-04 14:00:00,INT_002,557
2024-01-04 15:00:00,INT_002,290
2024-01-04 16:00:00,INT_002,290
2024-01-04 17:00:00,INT_002,803
2024-01-04 18:00:00,INT_002,804
2024-01-04 19:00:00,INT_002,837
2024-01-04 20:00:00,INT_002,362
2024-01-04 21:00:00,INT_002,296
2024-01-04 22:00:00,INT_002,133
2024-01-04 23:00:00,INT_002,86
2024-01-05 00:00:00,INT_002,86
2024-01-05 01:00:00,INT_002,73
2024-01-05 02:00:00,INT_002,96
2024-01-05 03:00:00,INT_002,88
2024-01-05 04:00:00,INT_002,62
2024-01-05 05:00:00,INT_002,79
2024-01-05 06:00:00,INT_002,307
2024-01-05 07:00:00,INT_002,763
2024-01-05 08:00:00,INT_002,739
2024-01-05 09:00:00,INT_002,738
2024-01-05 10:00:00,INT_002,312
2024-01-05 11:00:00,INT_002,305
2024-01-05 12:00:00,INT_002,507
2024-01-05 13:00:00,INT_002,534
2024-01-05 14:00:00,INT_002,549
2024-01-05 15:00:00,INT_002,336
2024-01-05 16:00:00,INT_002,330
2024-01-05 17:00:00,INT_002,873
2024-01-05 18:00:00,INT_002,806
2024-01-05 19:00:00,INT_002,842
2024-01-05 20:00:00,INT_002,318
2024-01-05 21:00:00,INT_002,314
2024-01-05 22:00:00,INT_002,108
2024-01-05 23:00:00,INT_002,99
2024-01-06 00:00:00,INT_002,64
2024-01-06 01:00:00,INT_002,66
2024-01-06 02:00:00,INT_002,47
2024-01-06 03:00:00,INT_002,75
2024-01-06 04:00:00,INT_002,58
2024-01-06 05:00:00,INT_002,14
2024-01-06 06:00:00,INT_002,233
2024-01-06 07:00:00,INT_002,603
2024-01-06 08:00:00,INT_002,579
2024-01-06 09:00:00,INT_002,594
2024-01-06 10:00:00,INT_002,219
2024-01-06 11:00:00,INT_002,262
2024-01-06 12:00:00,INT_002,446
2024-01-06 13:00:00,INT_002,467
2024-01-06 14:00:00,INT_002,450
2024-01-06 15:00:00,INT_002,253
2024-01-06 16:00:00,INT_002,261
2024-01-06 17:00:00,INT_002,663
2024-01-06 18:00:00,INT_002,680
2024-01-06 19:00:00,INT_002,682
2024-01-06 20:00:00,INT_002,235
2024-01-06 21:00:00,INT_002,246
2024-01-06 22:00:00,INT_002,59
2024-01-06 23:00:00,INT_002,47
2024-01-07 00:00:00,INT_002,79
2024-01-07 01:00:00,INT_002,82
2024-01-07 02:00:00,INT_002,56
2024-01-07 03:00:00,INT_002,59
2024-01-07 04:00:00,INT_002,87
2024-01-07 05:00:00,INT_002,29
2024-01-07 06:00:00,INT_002,226
2024-01-07 07:00:00,INT_002,603
2024-01-07 08:00:00,INT_002,568
2024-01-07 09:00:00,INT_002,580
2024-01-07 10:00:00,INT_002,266
2024-01-07 11:00:00,INT_002,210
2024-01-07 12:00:00,INT_002,415
2024-01-07 13:00:00,INT_002,441
2024-01-07 14:00:00,INT_002,427
2024-01-07 15:00:00,INT_002,274
2024-01-07 16:00:00,INT_002,235
2024-01-07 17:00:00,INT_002,674
2024-01-07 18:00:00,INT_002,669
2024-01-07 19:00:00,INT_002,690
2024-01-07 20:00:00,INT_002,247
2024-01-07 21:00:00,INT_002,205
2024-01-07 22:00:00,INT_002,62
2024-01-07 23:00:00,INT_002,59
2024-01-08 00:00:00,INT_002,102
2024-01-08 01:00:00,INT_002,106
2024-01-08 02:00:00,INT_002,102
2024-01-08 03:00:00,INT_002,107
2024-01-08 04:00:00,INT_002,106
2024-01-08 05:00:00,INT_002,89
2024-01-08 06:00:00,INT_002,302
2024-01-08 07:00:00,INT_002,731
2024-01-08 08:00:00,INT_002,739
2024-01-08 09:00:00,INT_002,727
2024-01-08 10:00:00,INT_002,259
2024-01-08 11:00:00,INT_002,293
2024-01-08 12:00:00,INT_002,503
2024-01-08 13:00:00,INT_002,550
2024-01-08 14:00:00,INT_002,532
2024-01-08 15:00:00,INT_002,290
2024-01-08 16:00:00,INT_002,312
2024-01-08 17:00:00,INT_002,823
2024-01-08 18:00:00,INT_002,848
2024-01-08 19:00:00,INT_002,859
2024-01-08 20:00:00,INT_002,287
2024-01-08 21:00:00,INT_002,320
2024-01-08 22:00:00,INT_002,98
2024-01-08 23:00:00,INT_002,102
2024-01-09 00:00:00,INT_002,58
2024-01-09 01:00:00,INT_002,84
2024-01-09 02:00:00,INT_002,82
2024-01-09 03:00:00,INT_002,119
2024-01-09 04:00:00,INT_002,85
2024-01-09 05:00:00,INT_002,99
2024-01-09 06:00:00,INT_002,295
2024-01-09 07:00:00,INT_002,765
2024-01-09 08:00:00,INT_002,751
2024-01-09 09:00:00,INT_002,766
2024-01-09 10:00:00,INT_002,250
2024-01-09 11:00:00,INT_002,326
2024-01-09 12:00:00,INT_002,525
2024-01-09 13:00:00,INT_002,511
2024-01-09 14:00:00,INT_002,529
2024-01-09 15:00:00,INT_002,301
2024-01-09 16:00:00,INT_002,347
2024-01-09 17:00:00,INT_002,807
2024-01-09 18:00:00,INT_002,859
2024-01-09 19:00:00,INT_002,816
2024-01-09 20:00:00,INT_002,301
2024-01-09 21:00:00,INT_002,306
2024-01-09 22:00:00,INT_002,101
2024-01-09 23:00:00,INT_002,102
2024-01-10 00:00:00,INT_002,106
2024-01-10 01:00:00,INT_002,108
2024-01-10 02:00:00,INT_002,70
2024-01-10 03:00:00,INT_002,62
2024-01-10 04:00:00,INT_002,114
2024-01-10 05:00:00,INT_002,88
2024-01-10 06:00:00,INT_002,278
2024-01-10 07:00:00,INT_002,745
2024-01-10 08:00:00,INT_002,715
2024-01-10 09:00:00,INT_002,730
2024-01-10 10:00:00,INT_002,281
2024-01-10 11:00:00,INT_002,276
2024-01-10 12:00:00,INT_002,548
2024-01-10 13:00:00,INT_002,534
2024-01-10 14:00:00,INT_002,548
2024-01-10 15:00:00,INT_002,331
2024-01-10 16:00:00,INT_002,319
2024-01-10 17:00:00,INT_002,862
2024-01-10 18:00:00,INT_002,814
2024-01-10 19:00:00,INT_002,892
2024-01-10 20:00:00,INT_002,319
2024-01-10 21:00:00,INT_002,278
2024-01-10 22:00:00,INT_002,122
2024-01-10 23:00:00,INT_002,91
2024-01-11 00:00:00,INT_002,82
2024-01-11 01:00:00,INT_002,61
2024-01-11 02:00:00,INT_002,72
2024-01-11 03:00:00,INT_002,104
2024-01-11 04:00:00,INT_002,76
2024-01-11 05:00:00,INT_002,100
2024-01-11 06:00:00,INT_002,270
2024-01-11 07:00:00,INT_002,763
2024-01-11 08:00:00,INT_002,741
2024-01-11 09:00:00,INT_002,749
2024-01-11 10:00:00,INT_002,297
2024-01-11 11:00:00,INT_002,356
2024-01-11 12:00:00,INT_002,519
2024-01-11 13:00:00,INT_002,562
2024-01-11 14:00:00,INT_002,554
2024-01-11 15:00:00,INT_002,291
2024-01-11 16:00:00,INT_002,311
2024-01-11 17:00:00,INT_002,851
2024-01-11 18:00:00,INT_002,812
2024-01-11 19:00:00,INT_002,850
2024-01-11 20:00:00,INT_002,303
2024-01-11 21:00:00,INT_002,334
2024-01-11 22:00:00,INT_002,103
2024-01-11 23:00:00,INT_002,112
2024-01-12 00:00:00,INT_002,70
2024-01-12 01:00:00,INT_002,87
2024-01-12 02:00:00,INT_002,81
2024-01-12 03:00:00,INT_002,49
2024-01-12 04:00:00,INT_002,115
2024-01-12 05:00:00,INT_002,93
2024-01-12 06:00:00,INT_002,315
2024-01-12 07:00:00,INT_002,740
2024-01-12 08:00:00,INT_002,754
2024-01-12 09:00:00,INT_002,737
2024-01-12 10:00:00,INT_002,316
2024-01-12 11:00:00,INT_002,283
2024-01-12 12:00:00,INT_002,519
2024-01-12 13:00:00,INT_002,484
2024-01-12 14:00:00,INT_002,523
2024-01-12 15:00:00,INT_002,310
2024-01-12 16:00:00,INT_002,345
2024-01-12 17:00:00,INT_002,851
2024-01-12 18:00:00,INT_002,818
2024-01-12 19:00:00,INT_002,830
2024-01-12 20:00:00,INT_002,325
2024-01-12 21:00:00,INT_002,304
2024-01-12 22:00:00,INT_002,115
2024-01-12 23:00:00,INT_002,99
2024-01-13 00:00:00,INT_002,70
2024-01-13 01:00:00,INT_002,71
2024-01-13 02:00:00,INT_002,89
2024-01-13 03:00:00,INT_002,74
2024-01-13 04:00:00,INT_002,77
2024-01-13 05:00:00,INT_002,57
2024-01-13 06:00:00,INT_002,242
2024-01-13 07:00:00,INT_002,634
2024-01-13 08:00:00,INT_002,566
2024-01-13 09:00:00,INT_002,613
2024-01-13 10:00:00,INT_002,242
2024-01-13 11:00:00,INT_002,239
2024-01-13 12:00:00,INT_002,425
2024-01-13 13:00:00,INT_002,432
2024-01-13 14:00:00,INT_002,409
2024-01-13 15:00:00,INT_002,268
2024-01-13 16:00:00,INT_002,211
2024-01-13 17:00:00,INT_002,661
2024-01-13 18:00:00,INT_002,646
2024-01-13 19:00:00,INT_002,671
2024-01-13 20:00:00,INT_002,207
2024-01-13 21:00:00,INT_002,251
2024-01-13 22:00:00,INT_002,93
2024-01-13 23:00:00,INT_002,60
2024-01-14 00:00:00,INT_002,55
2024-01-14 01:00:00,INT_002,65
2024-01-14 02:00:00,INT_002,32
2024-01-14 03:00:00,INT_002,34
2024-01-14 04:00:00,INT_002,90
2024-01-14 05:00:00,INT_002,103
2024-01-14 06:00:00,INT_002,234
2024-01-14 07:00:00,INT_002,651
2024-01-14 08:00:00,INT_002,599
2024-01-14 09:00:00,INT_002,581
2024-01-14 10:00:00,INT_002,233
2024-01-14 11:00:00,INT_002,241
2024-01-14 12:00:00,INT_002,385
2024-01-14 13:00:00,INT_002,443
2024-01-14 14:00:00,INT_002,431
2024-01-14 15:00:00,INT_002,230
2024-01-14 16:00:00,INT_002,236
2024-01-14 17:00:00,INT_002,709
2024-01-14 18:00:00,INT_002,649
2024-01-14 19:00:00,INT_002,672
2024-01-14 20:00:00,INT_002,267
2024-01-14 21:00:00,INT_002,230
2024-01-14 22:00:00,INT_002,56
2024-01-14 23:00:00,INT_002,69
2024-01-15 00:00:00,INT_002,104
2024-01-15 01:00:00,INT_002,84
2024-01-15 02:00:00,INT_002,125
2024-01-15 03:00:00,INT_002,100
2024-01-15 04:00:00,INT_002,104
2024-01-15 05:00:00,INT_002,19
2024-01-15 06:00:00,INT_002,294
2024-01-15 07:00:00,INT_002,735
2024-01-15 08:00:00,INT_002,753
2024-01-15 09:00:00,INT_002,726
2024-01-15 10:00:00,INT_002,291
2024-01-15 11:00:00,INT_002,328
2024-01-15 12:00:00,INT_002,537
2024-01-15 13:00:00,INT_002,544
2024-01-15 14:00:00,INT_002,525
2024-01-15 15:00:00,INT_002,298
2024-01-15 16:00:00,INT_002,270
2024-01-15 17:00:00,INT_002,805
2024-01-15 18:00:00,INT_002,824
2024-01-15 19:00:00,INT_002,850
2024-01-15 20:00:00,INT_002,292
2024-01-15 21:00:00,INT_002,302
2024-01-15 22:00:00,INT_002,91
2024-01-15 23:00:00,INT_002,85
2024-01-16 00:00:00,INT_002,70
2024-01-16 01:00:00,INT_002,100
2024-01-16 02:00:00,INT_002,95
2024-01-16 03:00:00,INT_002,123
2024-01-16 04:00:00,INT_002,60
2024-01-16 05:00:00,INT_002,124
2024-01-16 06:00:00,INT_002,289
2024-01-16 07:00:00,INT_002,749
2024-01-16 08:00:00,INT_002,747
2024-01-16 09:00:00,INT_002,753
2024-01-16 10:00:00,INT_002,298
2024-01-16 11:00:00,INT_002,314
2024-01-16 12:00:00,INT_002,509
2024-01-16 13:00:00,INT_002,531
2024-01-16 14:00:00,INT_002,548
2024-01-16 15:00:00,INT_002,306
2024-01-16 16:00:00,INT_002,303
2024-01-16 17:00:00,INT_002,857
2024-01-16 18:00:00,INT_002,864
2024-01-16 19:00:00,INT_002,807
2024-01-16 20:00:00,INT_002,309
2024-01-16 21:00:00,INT_002,342
2024-01-16 22:00:00,INT_002,78
2024-01-16 23:00:00,INT_002,89
2024-01-17 00:00:00,INT_002,121
2024-01-17 01:00:00,INT_002,92
2024-01-17 02:00:00,INT_002,78
2024-01-17 03:00:00,INT_002,48
2024-01-17 04:00:00,INT_002,84
2024-01-17 05:00:00,INT_002,102
2024-01-17 06:00:00,INT_002,291
2024-01-17 07:00:00,INT_002,716
2024-01-17 08:00:00,INT_002,743
2024-01-17 09:00:00,INT_002,764
2024-01-17 10:00:00,INT_002,317
2024-01-17 11:00:00,INT_002,310
2024-01-17 12:00:00,INT_002,517
2024-01-17 13:00:00,INT_002,535
2024-01-17 14:00:00,INT_002,544
2024-01-17 15:00:00,INT_002,298
2024-01-17 16:00:00,INT_002,279
2024-01-17 17:00:00,INT_002,861
2024-01-17 18:00:00,INT_002,845
2024-01-17 19:00:00,INT_002,803
2024-01-17 20:00:00,INT_002,281
2024-01-17 21:00:00,INT_002,311
2024-01-17 22:00:00,INT_002,100
2024-01-17 23:00:00,INT_002,62
2024-01-18 00:00:00,INT_002,83
2024-01-18 01:00:00,INT_002,89
2024-01-18 02:00:00,INT_002,92
2024-01-18 03:00:00,INT_002,58
2024-01-18 04:00:00,INT_002,57
2024-01-18 05:00:00,INT_002,63
2024-01-18 06:00:00,INT_002,316
2024-01-18 07:00:00,INT_002,738
2024-01-18 08:00:00,INT_002,787
2024-01-18 09:00:00,INT_002,779
2024-01-18 10:00:00,INT_002,264
2024-01-18 11:00:00,INT_002,294
2024-01-18 12:00:00,INT_002,528
2024-01-18 13:00:00,INT_002,545
2024-01-18 14:00:00,INT_002,525
2024-01-18 15:00:00,INT_002,297
2024-01-18 16:00:00,INT_002,301
2024-01-18 17:00:00,INT_002,833
2024-01-18 18:00:00,INT_002,816
2024-01-18 19:00:00,INT_002,845
2024-01-18 20:00:00,INT_002,278
2024-01-18 21:00:00,INT_002,305
2024-01-18 22:00:00,INT_002,87
2024-01-18 23:00:00,INT_002,113
2024-01-19 00:00:00,INT_002,67
2024-01-19 01:00:00,INT_002,78
2024-01-19 02:00:00,INT_002,128
2024-01-19 03:00:00,INT_002,76
2024-01-19 04:00:00,INT_002,66
2024-01-19 05:00:00,INT_002,81
2024-01-19 06:00:00,INT_002,268
2024-01-19 07:00:00,INT_002,750
2024-01-19 08:00:00,INT_002,729
2024-01-19 09:00:00,INT_002,762
2024-01-19 10:00:00,INT_002,292
2024-01-19 11:00:00,INT_002,291
2024-01-19 12:00:00,INT_002,492
2024-01-19 13:00:00,INT_002,545
2024-01-19 14:00:00,INT_002,512
2024-01-19 15:00:00,INT_002,324
2024-01-19 16:00:00,INT_002,264
2024-01-19 17:00:00,INT_002,853
2024-01-19 18:00:00,INT_002,851
2024-01-19 19:00:00,INT_002,877
2024-01-19 20:00:00,INT_002,288
2024-01-19 21:00:00,INT_002,296
2024-01-19 22:00:00,INT_002,80
2024-01-19 23:00:00,INT_002,101
2024-01-20 00:00:00,INT_002,75
2024-01-20 01:00:00,INT_002,45
2024-01-20 02:00:00,INT_002,60
2024-01-20 03:00:00,INT_002,101
2024-01-20 04:00:00,INT_002,51
2024-01-20 05:00:00,INT_002,69
2024-01-20 06:00:00,INT_002,226
2024-01-20 07:00:00,INT_002,597
2024-01-20 08:00:00,INT_002,638
2024-01-20 09:00:00,INT_002,625
2024-01-20 10:00:00,INT_002,216
2024-01-20 11:00:00,INT_002,281
2024-01-20 12:00:00,INT_002,420
2024-01-20 13:00:00,INT_002,432
2024-01-20 14:00:00,INT_002,433
2024-01-20 15:00:00,INT_002,226
2024-01-20 16:00:00,INT_002,248
2024-01-20 17:00:00,INT_002,652
2024-01-20 18:00:00,INT_002,674
2024-01-20 19:00:00,INT_002,637
2024-01-20 20:00:00,INT_002,218
2024-01-20 21:00:00,INT_002,261
2024-01-20 22:00:00,INT_002,75
2024-01-20 23:00:00,INT_002,89
2024-01-21 00:00:00,INT_002,38
2024-01-21 01:00:00,INT_002,91
2024-01-21 02:00:00,INT_002,55
2024-01-21 03:00:00,INT_002,83
2024-01-21 04:00:00,INT_002,93
2024-01-21 05:00:00,INT_002,54
2024-01-21 06:00:00,INT_002,244
2024-01-21 07:00:00,INT_002,582
2024-01-21 08:00:00,INT_002,605
2024-01-21 09:00:00,INT_002,567
2024-01-21 10:00:00,INT_002,242
2024-01-21 11:00:00,INT_002,275
2024-01-21 12:00:00,INT_002,415
2024-01-21 13:00:00,INT_002,407
2024-01-21 14:00:00,INT_002,448
2024-01-21 15:00:00,INT_002,235
2024-01-21 16:00:00,INT_002,253
2024-01-21 17:00:00,INT_002,690
2024-01-21 18:00:00,INT_002,681
2024-01-21 19:00:00,INT_002,657
2024-01-21 20:00:00,INT_002,249
2024-01-21 21:00:00,INT_002,253
2024-01-21 22:00:00,INT_002,86
2024-01-21 23:00:00,INT_002,86
2024-01-22 00:00:00,INT_002,77
2024-01-22 01:00:00,INT_002,67
2024-01-22 02:00:00,INT_002,109
2024-01-22 03:00:00,INT_002,106
2024-01-22 04:00:00,INT_002,63
2024-01-22 05:00:00,INT_002,50
2024-01-22 06:00:00,INT_002,319
2024-01-22 07:00:00,INT_002,732
2024-01-22 08:00:00,INT_002,750
2024-01-22 09:00:00,INT_002,762
2024-01-22 10:00:00,INT_002,300
2024-01-22 11:00:00,INT_002,312
2024-01-22 12:00:00,INT_002,550
2024-01-22 13:00:00,INT_002,563
2024-01-22 14:00:00,INT_002,568
2024-01-22 15:00:00,INT_002,314
2024-01-22 16:00:00,INT_002,294
2024-01-22 17:00:00,INT_002,855
2024-01-22 18:00:00,INT_002,818
2024-01-22 19:00:00,INT_002,878
2024-01-22 20:00:00,INT_002,260
2024-01-22 21:00:00,INT_002,289
2024-01-22 22:00:00,INT_002,92
2024-01-22 23:00:00,INT_002,65
2024-01-23 00:00:00,INT_002,62
2024-01-23 01:00:00,INT_002,84
2024-01-23 02:00:00,INT_002,41
2024-01-23 03:00:00,INT_002,72
2024-01-23 04:00:00,INT_002,95
2024-01-23 05:00:00,INT_002,81
2024-01-23 06:00:00,INT_002,309
2024-01-23 07:00:00,INT_002,747
2024-01-23 08:00:00,INT_002,764
2024-01-23 09:00:00,INT_002,731
2024-01-23 10:00:00,INT_002,298
2024-01-23 11:00:00,INT_002,302
2024-01-23 12:00:00,INT_002,540
2024-01-23 13:00:00,INT_002,527
2024-01-23 14:00:00,INT_002,546
2024-01-23 15:00:00,INT_002,282
2024-01-23 16:00:00,INT_002,294
2024-01-23 17:00:00,INT_002,868
2024-01-23 18:00:00,INT_002,872
2024-01-23 19:00:00,INT_002,837
2024-01-23 20:00:00,INT_002,323
2024-01-23 21:00:00,INT_002,275
2024-01-23 22:00:00,INT_002,87
2024-01-23 23:00:00,INT_002,89
2024-01-24 00:00:00,INT_002,53
2024-01-24 01:00:00,INT_002,89
2024-01-24 02:00:00,INT_002,98
2024-01-24 03:00:00,INT_002,77
2024-01-24 04:00:00,INT_002,59
2024-01-24 05:00:00,INT_002,79
2024-01-24 06:00:00,INT_002,314
2024-01-24 07:00:00,INT_002,772
2024-01-24 08:00:00,INT_002,747
2024-01-24 09:00:00,INT_002,722
2024-01-24 10:00:00,INT_002,304
2024-01-24 11:00:00,INT_002,328
2024-01-24 12:00:00,INT_002,484
2024-01-24 13:00:00,INT_002,541
2024-01-24 14:00:00,INT_002,554
2024-01-24 15:00:00,INT_002,289
2024-01-24 16:00:00,INT_002,287
2024-01-24 17:00:00,INT_002,827
2024-01-24 18:00:00,INT_002,848
2024-01-24 19:00:00,INT_002,855
2024-01-24 20:00:00,INT_002,268
2024-01-24 21:00:00,INT_002,308
2024-01-24 22:00:00,INT_002,103
2024-01-24 23:00:00,INT_002,71
2024-01-25 00:00:00,INT_002,85
2024-01-25 01:00:00,INT_002,63
2024-01-25 02:00:00,INT_002,70
2024-01-25 03:00:00,INT_002,72
2024-01-25 04:00:00,INT_002,93
2024-01-25 05:00:00,INT_002,80
2024-01-25 06:00:00,INT_002,300
2024-01-25 07:00:00,INT_002,760
2024-01-25 08:00:00,INT_002,773
2024-01-25 09:00:00,INT_002,738
2024-01-25 10:00:00,INT_002,275
2024-01-25 11:00:00,INT_002,267
2024-01-25 12:00:00,INT_002,537
2024-01-25 13:00:00,INT_002,596
2024-01-25 14:00:00,INT_002,568
2024-01-25 15:00:00,INT_002,306
2024-01-25 16:00:00,INT_002,330
2024-01-25 17:00:00,INT_002,846
2024-01-25 18:00:00,INT_002,839
2024-01-25 19:00:00,INT_002,823
2024-01-25 20:00:00,INT_002,313
2024-01-25 21:00:00,INT_002,282
2024-01-25 22:00:00,INT_002,60
2024-01-25 23:00:00,INT_002,69
2024-01-26 00:00:00,INT_002,111
2024-01-26 01:00:00,INT_002,122
2024-01-26 02:00:00,INT_002,110
2024-01-26 03:00:00,INT_002,88
2024-01-26 04:00:00,INT_002,84
2024-01-26 05:00:00,INT_002,80
2024-01-26 06:00:00,INT_002,268
2024-01-26 07:00:00,INT_002,771
2024-01-26 08:00:00,INT_002,755
2024-01-26 09:00:00,INT_002,743
2024-01-26 10:00:00,INT_002,295
2024-01-26 11:00:00,INT_002,284
2024-01-26 12:00:00,INT_002,527
2024-01-26 13:00:00,INT_002,563
2024-01-26 14:00:00,INT_002,514
2024-01-26 15:00:00,INT_002,315
2024-01-26 16:00:00,INT_002,280
2024-01-26 17:00:00,INT_002,830
2024-01-26 18:00:00,INT_002,827
2024-01-26 19:00:00,INT_002,814
2024-01-26 20:00:00,INT_002,313
2024-01-26 21:00:00,INT_002,339
2024-01-26 22:00:00,INT_002,119
2024-01-26 23:00:00,INT_002,96
2024-01-27 00:00:00,INT_002,72
2024-01-27 01:00:00,INT_002,63
2024-01-27 02:00:00,INT_002,83
2024-01-27 03:00:00,INT_002,121
2024-01-27 04:00:00,INT_002,80
2024-01-27 05:00:00,INT_002,77
2024-01-27 06:00:00,INT_002,210
2024-01-27 07:00:00,INT_002,634
2024-01-27 08:00:00,INT_002,609
2024-01-27 09:00:00,INT_002,586
2024-01-27 10:00:00,INT_002,218
2024-01-27 11:00:00,INT_002,250
2024-01-27 12:00:00,INT_002,411
2024-01-27 13:00:00,INT_002,460
2024-01-27 14:00:00,INT_002,436
2024-01-27 15:00:00,INT_002,288
2024-01-27 16:00:00,INT_002,244
2024-01-27 17:00:00,INT_002,652
2024-01-27 18:00:00,INT_002,707
2024-01-27 19:00:00,INT_002,675
2024-01-27 20:00:00,INT_002,247
2024-01-27 21:00:00,INT_002,194
2024-01-27 22:00:00,INT_002,59
2024-01-27 23:00:00,INT_002,71
2024-01-28 00:00:00,INT_002,89
2024-01-28 01:00:00,INT_002,80
2024-01-28 02:00:00,INT_002,57
2024-01-28 03:00:00,INT_002,74
2024-01-28 04:00:00,INT_002,46
2024-01-28 05:00:00,INT_002,104
2024-01-28 06:00:00,INT_002,229
2024-01-28 07:00:00,INT_002,586
2024-01-28 08:00:00,INT_002,606
2024-01-28 09:00:00,INT_002,616
2024-01-28 10:00:00,INT_002,226
2024-01-28 11:00:00,INT_002,226
2024-01-28 12:00:00,INT_002,427
2024-01-28 13:00:00,INT_002,461
2024-01-28 14:00:00,INT_002,445
2024-01-28 15:00:00,INT_002,237
2024-01-28 16:00:00,INT_002,240
2024-01-28 17:00:00,INT_002,644
2024-01-28 18:00:00,INT_002,672
2024-01-28 19:00:00,INT_002,660
2024-01-28 20:00:00,INT_002,237
2024-01-28 21:00:00,INT_002,218
2024-01-28 22:00:00,INT_002,50
2024-01-28 23:00:00,INT_002,53
2024-01-29 00:00:00,INT_002,120
2024-01-29 01:00:00,INT_002,91
2024-01-29 02:00:00,INT_002,102
2024-01-29 03:00:00,INT_002,81
2024-01-29 04:00:00,INT_002,109
2024-01-29 05:00:00,INT_002,128
2024-01-29 06:00:00,INT_002,270
2024-01-29 07:00:00,INT_002,716
2024-01-29 08:00:00,INT_002,779
2024-01-29 09:00:00,INT_002,707
2024-01-29 10:00:00,INT_002,313
2024-01-29 11:00:00,INT_002,310
2024-01-29 12:00:00,INT_002,540
2024-01-29 13:00:00,INT_002,526
2024-01-29 14:00:00,INT_002,515
2024-01-29 15:00:00,INT_002,297
2024-01-29 16:00:00,INT_002,306
2024-01-29 17:00:00,INT_002,823
2024-01-29 18:00:00,INT_002,836
2024-01-29 19:00:00,INT_002,814
2024-01-29 20:00:00,INT_002,302
2024-01-29 21:00:00,INT_002,324
2024-01-29 22:00:00,INT_002,85
2024-01-29 23:00:00,INT_002,126
2024-01-30 00:00:00,INT_002,96
2024-01-30 01:00:00,INT_002,76
2024-01-30 02:00:00,INT_002,86
2024-01-30 03:00:00,INT_002,69
2024-01-30 04:00:00,INT_002,74
2024-01-30 05:00:00,INT_002,101
2024-01-30 06:00:00,INT_002,302
2024-01-30 07:00:00,INT_002,777
2024-01-30 08:00:00,INT_002,715
2024-01-30 09:00:00,INT_002,758
2024-01-30 10:00:00,INT_002,295
2024-01-30 11:00:00,INT_002,300
2024-01-30 12:00:00,INT_002,568
2024-01-30 13:00:00,INT_002,555
2024-01-30 14:00:00,INT_002,517
2024-01-30 15:00:00,INT_002,259
2024-01-30 16:00:00,INT_002,276
2024-01-30 17:00:00,INT_002,838
2024-01-30 18:00:00,INT_002,846
2024-01-30 19:00:00,INT_002,840
2024-01-30 20:00:00,INT_002,283
2024-01-30 21:00:00,INT_002,302
2024-01-30 22:00:00,INT_002,25
2024-01-30 23:00:00,INT_002,123
2024-01-31 00:00:00,INT_002,74
2024-01-31 01:00:00,INT_002,97
2024-01-31 02:00:00,INT_002,78
2024-01-31 03:00:00,INT_002,79
2024-01-31 04:00:00,INT_002,89
2024-01-31 05:00:00,INT_002,80
2024-01-31 06:00:00,INT_002,325
2024-01-31 07:00:00,INT_002,754
2024-01-31 08:00:00,INT_002,721
2024-01-31 09:00:00,INT_002,748
2024-01-31 10:00:00,INT_002,329
2024-01-31 11:00:00,INT_002,267
2024-01-31 12:00:00,INT_002,547
2024-01-31 13:00:00,INT_002,531
2024-01-31 14:00:00,INT_002,537
2024-01-31 15:00:00,INT_002,287
2024-01-31 16:00:00,INT_002,276
2024-01-31 17:00:00,INT_002,878
2024-01-31 18:00:00,INT_002,833
2024-01-31 19:00:00,INT_002,871
2024-01-31 20:00:00,INT_002,318
2024-01-31 21:00:00,INT_002,280
2024-01-31 22:00:00,INT_002,80
2024-01-31 23:00:00,INT_002,63
2024-02-01 00:00:00,INT_002,98
2024-02-01 01:00:00,INT_002,83
2024-02-01 02:00:00,INT_002,77
2024-02-01 03:00:00,INT_002,84
2024-02-01 04:00:00,INT_002,81
2024-02-01 05:00:00,INT_002,96
2024-02-01 06:00:00,INT_002,309
2024-02-01 07:00:00,INT_002,766
2024-02-01 08:00:00,INT_002,745
2024-02-01 09:00:00,INT_002,727
2024-02-01 10:00:00,INT_002,319
2024-02-01 11:00:00,INT_002,304
2024-02-01 12:00:00,INT_002,516
2024-02-01 13:00:00,INT_002,524
2024-02-01 14:00:00,INT_002,551
2024-02-01 15:00:00,INT_002,301
2024-02-01 16:00:00,INT_002,269
2024-02-01 17:00:00,INT_002,833
2024-02-01 18:00:00,INT_002,848
2024-02-01 19:00:00,INT_002,805
2024-02-01 20:00:00,INT_002,287
2024-02-01 21:00:00,INT_002,317
2024-02-01 22:00:00,INT_002,86
2024-02-01 23:00:00,INT_002,107
2024-02-02 00:00:00,INT_002,67
2024-02-02 01:00:00,INT_002,83
2024-02-02 02:00:00,INT_002,111
2024-02-02 03:00:00,INT_002,80
2024-02-02 04:00:00,INT_002,68
2024-02-02 05:00:00,INT_002,111
2024-02-02 06:00:00,INT_002,272
2024-02-02 07:00:00,INT_002,757
2024-02-02 08:00:00,INT_002,745
2024-02-02 09:00:00,INT_002,748
2024-02-02 10:00:00,INT_002,302
2024-02-02 11:00:00,INT_002,278
2024-02-02 12:00:00,INT_002,551
2024-02-02 13:00:00,INT_002,532
2024-02-02 14:00:00,INT_002,537
2024-02-02 15:00:00,INT_002,322
2024-02-02 16:00:00,INT_002,308
2024-02-02 17:00:00,INT_002,841
2024-02-02 18:00:00,INT_002,848
2024-02-02 19:00:00,INT_002,794
2024-02-02 20:00:00,INT_002,306
2024-02-02 21:00:00,INT_002,279
2024-02-02 22:00:00,INT_002,93
2024-02-02 23:00:00,INT_002,96
2024-02-03 00:00:00,INT_002,70
2024-02-03 01:00:00,INT_002,37
2024-02-03 02:00:00,INT_002,65
2024-02-03 03:00:00,INT_002,61
2024-02-03 04:00:00,INT_002,68
2024-02-03 05:00:00,INT_002,82
2024-02-03 06:00:00,INT_002,238
2024-02-03 07:00:00,INT_002,620
2024-02-03 08:00:00,INT_002,639
2024-02-03 09:00:00,INT_002,615
2024-02-03 10:00:00,INT_002,269
2024-02-03 11:00:00,INT_002,260
2024-02-03 12:00:00,INT_002,437
2024-02-03 13:00:00,INT_002,438
2024-02-03 14:00:00,INT_002,444
2024-02-03 15:00:00,INT_002,262
2024-02-03 16:00:00,INT_002,230
2024-02-03 17:00:00,INT_002,695
2024-02-03 18:00:00,INT_002,626
2024-02-03 19:00:00,INT_002,680
2024-02-03 20:00:00,INT_002,248
2024-02-03 21:00:00,INT_002,257
2024-02-03 22:00:00,INT_002,93
2024-02-03 23:00:00,INT_002,62
2024-02-04 00:00:00,INT_002,34
2024-02-04 01:00:00,INT_002,69
2024-02-04 02:00:00,INT_002,68
2024-02-04 03:00:00,INT_002,59
2024-02-04 04:00:00,INT_002,97
2024-02-04 05:00:00,INT_002,66
2024-02-04 06:00:00,INT_002,230
2024-02-04 07:00:00,INT_002,578
2024-02-04 08:00:00,INT_002,591
2024-02-04 09:00:00,INT_002,619
2024-02-04 10:00:00,INT_002,249
2024-02-04 11:00:00,INT_002,209
2024-02-04 12:00:00,INT_002,435
2024-02-04 13:00:00,INT_002,447
2024-02-04 14:00:00,INT_002,471
2024-02-04 15:00:00,INT_002,225
2024-02-04 16:00:00,INT_002,232
2024-02-04 17:00:00,INT_002,689
2024-02-04 18:00:00,INT_002,639
2024-02-04 19:00:00,INT_002,697
2024-02-04 20:00:00,INT_002,220
2024-02-04 21:00:00,INT_002,209
2024-02-04 22:00:00,INT_002,58
2024-02-04 23:00:00,INT_002,47
2024-02-05 00:00:00,INT_002,93
2024-02-05 01:00:00,INT_002,57
2024-02-05 02:00:00,INT_002,126
2024-02-05 03:00:00,INT_002,85
2024-02-05 04:00:00,INT_002,95
2024-02-05 05:00:00,INT_002,84
2024-02-05 06:00:00,INT_002,332
2024-02-05 07:00:00,INT_002,754
2024-02-05 08:00:00,INT_002,755
2024-02-05 09:00:00,INT_002,734
2024-02-05 10:00:00,INT_002,291
2024-02-05 11:00:00,INT_002,334
2024-02-05 12:00:00,INT_002,528
2024-02-05 13:00:00,INT_002,544
2024-02-05 14:00:00,INT_002,541
2024-02-05 15:00:00,INT_002,326
2024-02-05 16:00:00,INT_002,290
2024-02-05 17:00:00,INT_002,866
2024-02-05 18:00:00,INT_002,826
2024-02-05 19:00:00,INT_002,846
2024-02-05 20:00:00,INT_002,264
2024-02-05 21:00:00,INT_002,332
2024-02-05 22:00:00,INT_002,109
2024-02-05 23:00:00,INT_002,107
2024-02-06 00:00:00,INT_002,131
2024-02-06 01:00:00,INT_002,61
2024-02-06 02:00:00,INT_002,115
2024-02-06 03:00:00,INT_002,128
2024-02-06 04:00:00,INT_002,87
2024-02-06 05:00:00,INT_002,91
2024-02-06 06:00:00,INT_002,308
2024-02-06 07:00:00,INT_002,707
2024-02-06 08:00:00,INT_002,766
2024-02-06 09:00:00,INT_002,766
2024-02-06 10:00:00,INT_002,279
2024-02-06 11:00:00,INT_002,295
2024-02-06 12:00:00,INT_002,494
2024-02-06 13:00:00,INT_002,541
2024-02-06 14:00:00,INT_002,521
2024-02-06 15:00:00,INT_002,290
2024-02-06 16:00:00,INT_002,288
2024-02-06 17:00:00,INT_002,895
2024-02-06 18:00:00,INT_002,841
2024-02-06 19:00:00,INT_002,864
2024-02-06 20:00:00,INT_002,309
2024-02-06 21:00:00,INT_002,292
2024-02-06 22:00:00,INT_002,60
2024-02-06 23:00:00,INT_002,94
2024-02-07 00:00:00,INT_002,95
2024-02-07 01:00:00,INT_002,61
2024-02-07 02:00:00,INT_002,96
2024-02-07 03:00:00,INT_002,100
2024-02-07 04:00:00,INT_002,108
2024-02-07 05:00:00,INT_002,95
2024-02-07 06:00:00,INT_002,285
2024-02-07 07:00:00,INT_002,744
2024-02-07 08:00:00,INT_002,733
2024-02-07 09:00:00,INT_002,766
2024-02-07 10:00:00,INT_002,287
2024-02-07 11:00:00,INT_002,307
2024-02-07 12:00:00,INT_002,529
2024-02-07 13:00:00,INT_002,549
2024-02-07 14:00:00,INT_002,521
2024-02-07 15:00:00,INT_002,324
2024-02-07 16:00:00,INT_002,278
2024-02-07 17:00:00,INT_002,858
2024-02-07 18:00:00,INT_002,813
2024-02-07 19:00:00,INT_002,855
2024-02-07 20:00:00,INT_002,291
2024-02-07 21:00:00,INT_002,292
2024-02-07 22:00:00,INT_002,79
2024-02-07 23:00:00,INT_002,87
2024-02-08 00:00:00,INT_002,75
2024-02-08 01:00:00,INT_002,84
2024-02-08 02:00:00,INT_002,114
2024-02-08 03:00:00,INT_002,84
2024-02-08 04:00:00,INT_002,111
2024-02-08 05:00:00,INT_002,101
2024-02-08 06:00:00,INT_002,298
2024-02-08 07:00:00,INT_002,738
2024-02-08 08:00:00,INT_002,735
2024-02-08 09:00:00,INT_002,770
2024-02-08 10:00:00,INT_002,316
2024-02-08 11:00:00,INT_002,305
2024-02-08 12:00:00,INT_002,546
2024-02-08 13:00:00,INT_002,508
2024-02-08 14:00:00,INT_002,580
2024-02-08 15:00:00,INT_002,305
2024-02-08 16:00:00,INT_002,286
2024-02-08 17:00:00,INT_002,844
2024-02-08 18:00:00,INT_002,839
2024-02-08 19:00:00,INT_002,839
2024-02-08 20:00:00,INT_002,304
2024-02-08 21:00:00,INT_002,292
2024-02-08 22:00:00,INT_002,84
2024-02-08 23:00:00,INT_002,134
2024-02-09 00:00:00,INT_002,65
2024-02-09 01:00:00,INT_002,104
2024-02-09 02:00:00,INT_002,64
2024-02-09 03:00:00,INT_002,123
2024-02-09 04:00:00,INT_002,74
2024-02-09 05:00:00,INT_002,80
2024-02-09 06:00:00,INT_002,290
2024-02-09 07:00:00,INT_002,760
2024-02-09 08:00:00,INT_002,763
2024-02-09 09:00:00,INT_002,742
2024-02-09 10:00:00,INT_002,276
2024-02-09 11:00:00,INT_002,314
2024-02-09 12:00:00,INT_002,551
2024-02-09 13:00:00,INT_002,546
2024-02-09 14:00:00,INT_002,529
2024-02-09 15:00:00,INT_002,282
2024-02-09 16:00:00,INT_002,303
2024-02-09 17:00:00,INT_002,818
2024-02-09 18:00:00,INT_002,826
2024-02-09 19:00:00,INT_002,872
2024-02-09 20:00:00,INT_002,285
2024-02-09 21:00:00,INT_002,308
2024-02-09 22:00:00,INT_002,80
2024-02-09 23:00:00,INT_002,80
2024-02-10 00:00:00,INT_002,83
2024-02-10 01:00:00,INT_002,85
2024-02-10 02:00:00,INT_002,84
2024-02-10 03:00:00,INT_002,55
2024-02-10 04:00:00,INT_002,32
2024-02-10 05:00:00,INT_002,100
2024-02-10 06:00:00,INT_002,189
2024-02-10 07:00:00,INT_002,568
2024-02-10 08:00:00,INT_002,630
2024-02-10 09:00:00,INT_002,603
2024-02-10 10:00:00,INT_002,223
2024-02-10 11:00:00,INT_002,248
2024-02-10 12:00:00,INT_002,406
2024-02-10 13:00:00,INT_002,413
2024-02-10 14:00:00,INT_002,445
2024-02-10 15:00:00,INT_002,261
2024-02-10 16:00:00,INT_002,272
2024-02-10 17:00:00,INT_002,702
2024-02-10 18:00:00,INT_002,668
2024-02-10 19:00:00,INT_002,719
2024-02-10 20:00:00,INT_002,216
2024-02-10 21:00:00,INT_002,256
2024-02-10 22:00:00,INT_002,50
2024-02-10 23:00:00,INT_002,60
2024-02-11 00:00:00,INT_002,86
2024-02-11 01:00:00,INT_002,62
2024-02-11 02:00:00,INT_002,84
2024-02-11 03:00:00,INT_002,88
2024-02-11 04:00:00,INT_002,56
2024-02-11 05:00:00,INT_002,67
2024-02-11 06:00:00,INT_002,241
2024-02-11 07:00:00,INT_002,579
2024-02-11 08:00:00,INT_002,635
2024-02-11 09:00:00,INT_002,592
2024-02-11 10:00:00,INT_002,248
2024-02-11 11:00:00,INT_002,228
2024-02-11 12:00:00,INT_002,423
2024-02-11 13:00:00,INT_002,423
2024-02-11 14:00:00,INT_002,462
2024-02-11 15:00:00,INT_002,212
2024-02-11 16:00:00,INT_002,218
2024-02-11 17:00:00,INT_002,664
2024-02-11 18:00:00,INT_002,668
2024-02-11 19:00:00,INT_002,692
2024-02-11 20:00:00,INT_002,251
2024-02-11 21:00:00,INT_002,209
2024-02-11 22:00:00,INT_002,53
2024-02-11 23:00:00,INT_002,82
2024-02-12 00:00:00,INT_002,145
2024-02-12 01:00:00,INT_002,57
2024-02-12 02:00:00,INT_002,75
2024-02-12 03:00:00,INT_002,82
2024-02-12 04:00:00,INT_002,93
2024-02-12 05:00:00,INT_002,89
2024-02-12 06:00:00,INT_002,282
2024-02-12 07:00:00,INT_002,702
2024-02-12 08:00:00,INT_002,779
2024-02-12 09:00:00,INT_002,756
2024-02-12 10:00:00,INT_002,290
2024-02-12 11:00:00,INT_002,271
2024-02-12 12:00:00,INT_002,549
2024-02-12 13:00:00,INT_002,569
2024-02-12 14:00:00,INT_002,567
2024-02-12 15:00:00,INT_002,275
2024-02-12 16:00:00,INT_002,293
2024-02-12 17:00:00,INT_002,864
2024-02-12 18:00:00,INT_002,842
2024-02-12 19:00:00,INT_002,828
2024-02-12 20:00:00,INT_002,323
2024-02-12 21:00:00,INT_002,266
2024-02-12 22:00:00,INT_002,101
2024-02-12 23:00:00,INT_002,75
2024-02-13 00:00:00,INT_002,100
2024-02-13 01:00:00,INT_002,83
2024-02-13 02:00:00,INT_002,93
2024-02-13 03:00:00,INT_002,86
2024-02-13 04:00:00,INT_002,101
2024-02-13 05:00:00,INT_002,130
2024-02-13 06:00:00,INT_002,329
2024-02-13 07:00:00,INT_002,771
2024-02-13 08:00:00,INT_002,719
2024-02-13 09:00:00,INT_002,742
2024-02-13 10:00:00,INT_002,289
2024-02-13 11:00:00,INT_002,303
2024-02-13 12:00:00,INT_002,539
2024-02-13 13:00:00,INT_002,552
2024-02-13 14:00:00,INT_002,530
2024-02-13 15:00:00,INT_002,276
2024-02-13 16:00:00,INT_002,325
2024-02-13 17:00:00,INT_002,801
2024-02-13 18:00:00,INT_002,838
2024-02-13 19:00:00,INT_002,813
2024-02-13 20:00:00,INT_002,288
2024-02-13 21:00:00,INT_002,304
2024-02-13 22:00:00,INT_002,101
2024-02-13 23:00:00,INT_002,94
2024-02-14 00:00:00,INT_002,47
2024-02-14 01:00:00,INT_002,94
2024-02-14 02:00:00,INT_002,101
2024-02-14 03:00:00,INT_002,73
2024-02-14 04:00:00,INT_002,63
2024-02-14 05:00:00,INT_002,98
2024-02-14 06:00:00,INT_002,290
2024-02-14 07:00:00,INT_002,723
2024-02-14 08:00:00,INT_002,743
2024-02-14 09:00:00,INT_002,738
2024-02-14 10:00:00,INT_002,308
2024-02-14 11:00:00,INT_002,262
2024-02-14 12:00:00,INT_002,511
2024-02-14 13:00:00,INT_002,546
2024-02-14 14:00:00,INT_002,534
2024-02-14 15:00:00,INT_002,302
2024-02-14 16:00:00,INT_002,333
2024-02-14 17:00:00,INT_002,853
2024-02-14 18:00:00,INT_002,871
2024-02-14 19:00:00,INT_002,823
2024-02-14 20:00:00,INT_002,269
2024-02-14 21:00:00,INT_002,312
2024-02-14 22:00:00,INT_002,90
2024-02-14 23:00:00,INT_002,75
2024-02-15 00:00:00,INT_002,68
2024-02-15 01:00:00,INT_002,93
2024-02-15 02:00:00,INT_002,69
2024-02-15 03:00:00,INT_002,107
2024-02-15 04:00:00,INT_002,99
2024-02-15 05:00:00,INT_002,67
2024-02-15 06:00:00,INT_002,247
2024-02-15 07:00:00,INT_002,730
2024-02-15 08:00:00,INT_002,761
2024-02-15 09:00:00,INT_002,766
2024-02-15 10:00:00,INT_002,312
2024-02-15 11:00:00,INT_002,302
2024-02-15 12:00:00,INT_002,527
2024-02-15 13:00:00,INT_002,550
2024-02-15 14:00:00,INT_002,528
2024-02-15 15:00:00,INT_002,304
2024-02-15 16:00:00,INT_002,256
2024-02-15 17:00:00,INT_002,856
2024-02-15 18:00:00,INT_002,850
2024-02-15 19:00:00,INT_002,834
2024-02-15 20:00:00,INT_002,300
2024-02-15 21:00:00,INT_002,301
2024-02-15 22:00:00,INT_002,74
2024-02-15 23:00:00,INT_002,102
2024-02-16 00:00:00,INT_002,91
2024-02-16 01:00:00,INT_002,103
2024-02-16 02:00:00,INT_002,105
2024-02-16 03:00:00,INT_002,81
2024-02-16 04:00:00,INT_002,101
2024-02-16 05:00:00,INT_002,88
2024-02-16 06:00:00,INT_002,314
2024-02-16 07:00:00,INT_002,717
2024-02-16 08:00:00,INT_002,791
2024-02-16 09:00:00,INT_002,774
2024-02-16 10:00:00,INT_002,262
2024-02-16 11:00:00,INT_002,327
2024-02-16 12:00:00,INT_002,528
2024-02-16 13:00:00,INT_002,544
2024-02-16 14:00:00,INT_002,545
2024-02-16 15:00:00,INT_002,281
2024-02-16 16:00:00,INT_002,317
2024-02-16 17:00:00,INT_002,805
2024-02-16 18:00:00,INT_002,810
2024-02-16 19:00:00,INT_002,814
2024-02-16 20:00:00,INT_002,286
2024-02-16 21:00:00,INT_002,311
2024-02-16 22:00:00,INT_002,134
2024-02-16 23:00:00,INT_002,73
2024-02-17 00:00:00,INT_002,38
2024-02-17 01:00:00,INT_002,110
2024-02-17 02:00:00,INT_002,102
2024-02-17 03:00:00,INT_002,48
2024-02-17 04:00:00,INT_002,65
2024-02-17 05:00:00,INT_002,64
2024-02-17 06:00:00,INT_002,249
2024-02-17 07:00:00,INT_002,595
2024-02-17 08:00:00,INT_002,573
2024-02-17 09:00:00,INT_002,602
2024-02-17 10:00:00,INT_002,270
2024-02-17 11:00:00,INT_002,269
2024-02-17 12:00:00,INT_002,426
2024-02-17 13:00:00,INT_002,415
2024-02-17 14:00:00,INT_002,436
2024-02-17 15:00:00,INT_002,246
2024-02-17 16:00:00,INT_002,245
2024-02-17 17:00:00,INT_002,753
2024-02-17 18:00:00,INT_002,677
2024-02-17 19:00:00,INT_002,681
2024-02-17 20:00:00,INT_002,208
2024-02-17 21:00:00,INT_002,222
2024-02-17 22:00:00,INT_002,56
2024-02-17 23:00:00,INT_002,69
2024-02-18 00:00:00,INT_002,74
2024-02-18 01:00:00,INT_002,67
2024-02-18 02:00:00,INT_002,53
2024-02-18 03:00:00,INT_002,58
2024-02-18 04:00:00,INT_002,83
2024-02-18 05:00:00,INT_002,95
2024-02-18 06:00:00,INT_002,238
2024-02-18 07:00:00,INT_002,636
2024-02-18 08:00:00,INT_002,593
2024-02-18 09:00:00,INT_002,643
2024-02-18 10:00:00,INT_002,201
2024-02-18 11:00:00,INT_002,253
2024-02-18 12:00:00,INT_002,403
2024-02-18 13:00:00,INT_002,429
2024-02-18 14:00:00,INT_002,430
2024-02-18 15:00:00,INT_002,279
2024-02-18 16:00:00,INT_002,273
2024-02-18 17:00:00,INT_002,684
2024-02-18 18:00:00,INT_002,697
2024-02-18 19:00:00,INT_002,651
2024-02-18 20:00:00,INT_002,203
2024-02-18 21:00:00,INT_002,237
2024-02-18 22:00:00,INT_002,87
2024-02-18 23:00:00,INT_002,78
2024-02-19 00:00:00,INT_002,115
2024-02-19 01:00:00,INT_002,66
2024-02-19 02:00:00,INT_002,57
2024-02-19 03:00:00,INT_002,116
2024-02-19 04:00:00,INT_002,94
2024-02-19 05:00:00,INT_002,82
2024-02-19 06:00:00,INT_002,316
2024-02-19 07:00:00,INT_002,754
2024-02-19 08:00:00,INT_002,756
2024-02-19 09:00:00,INT_002,753
2024-02-19 10:00:00,INT_002,271
2024-02-19 11:00:00,INT_002,307
2024-02-19 12:00:00,INT_002,520
2024-02-19 13:00:00,INT_002,546
2024-02-19 14:00:00,INT_002,522
2024-02-19 15:00:00,INT_002,261
2024-02-19 16:00:00,INT_002,298
2024-02-19 17:00:00,INT_002,849
2024-02-19 18:00:00,INT_002,826
2024-02-19 19:00:00,INT_002,856
2024-02-19 20:00:00,INT_002,291
2024-02-19 21:00:00,INT_002,290
2024-02-19 22:00:00,INT_002,63
2024-02-19 23:00:00,INT_002,98
2024-02-20 00:00:00,INT_002,63
2024-02-20 01:00:00,INT_002,88
2024-02-20 02:00:00,INT_002,97
2024-02-20 03:00:00,INT_002,93
2024-02-20 04:00:00,INT_002,61
2024-02-20 05:00:00,INT_002,100
2024-02-20 06:00:00,INT_002,296
2024-02-20 07:00:00,INT_002,779
2024-02-20 08:00:00,INT_002,767
2024-02-20 09:00:00,INT_002,756
2024-02-20 10:00:00,INT_002,267
2024-02-20 11:00:00,INT_002,264
2024-02-20 12:00:00,INT_002,537
2024-02-20 13:00:00,INT_002,551
2024-02-20 14:00:00,INT_002,548
2024-02-20 15:00:00,INT_002,306
2024-02-20 16:00:00,INT_002,322
2024-02-20 17:00:00,INT_002,843
2024-02-20 18:00:00,INT_002,857
2024-02-20 19:00:00,INT_002,827
2024-02-20 20:00:00,INT_002,314
2024-02-20 21:00:00,INT_002,282
2024-02-20 22:00:00,INT_002,83
2024-02-20 23:00:00,INT_002,64
2024-02-21 00:00:00,INT_002,80
2024-02-21 01:00:00,INT_002,59
2024-02-21 02:00:00,INT_002,93
2024-02-21 03:00:00,INT_002,54
2024-02-21 04:00:00,INT_002,85
2024-02-21 05:00:00,INT_002,81
2024-02-21 06:00:00,INT_002,305
2024-02-21 07:00:00,INT_002,771
2024-02-21 08:00:00,INT_002,726
2024-02-21 09:00:00,INT_002,773
2024-02-21 10:00:00,INT_002,296
2024-02-21 11:00:00,INT_002,302
2024-02-21 12:00:00,INT_002,524
2024-02-21 13:00:00,INT_002,545
2024-02-21 14:00:00,INT_002,515
2024-02-21 15:00:00,INT_002,318
2024-02-21 16:00:00,INT_002,303
2024-02-21 17:00:00,INT_002,853
2024-02-21 18:00:00,INT_002,831
2024-02-21 19:00:00,INT_002,821
2024-02-21 20:00:00,INT_002,320
2024-02-21 21:00:00,INT_002,292
2024-02-21 22:00:00,INT_002,89
2024-02-21 23:00:00,INT_002,69
2024-02-22 00:00:00,INT_002,127
2024-02-22 01:00:00,INT_002,111
2024-02-22 02:00:00,INT_002,74
2024-02-22 03:00:00,INT_002,126
2024-02-22 04:00:00,INT_002,97
2024-02-22 05:00:00,INT_002,119
2024-02-22 06:00:00,INT_002,310
2024-02-22 07:00:00,INT_002,730
2024-02-22 08:00:00,INT_002,739
2024-02-22 09:00:00,INT_002,735
2024-02-22 10:00:00,INT_002,282
2024-02-22 11:00:00,INT_002,299
2024-02-22 12:00:00,INT_002,539
2024-02-22 13:00:00,INT_002,507
2024-02-22 14:00:00,INT_002,544
2024-02-22 15:00:00,INT_002,307
2024-02-22 16:00:00,INT_002,296
2024-02-22 17:00:00,INT_002,873
2024-02-22 18:00:00,INT_002,847
2024-02-22 19:00:00,INT_002,830
2024-02-22 20:00:00,INT_002,304
2024-02-22 21:00:00,INT_002,308
2024-02-22 22:00:00,INT_002,96
2024-02-22 23:00:00,INT_002,106
2024-02-23 00:00:00,INT_002,96
2024-02-23 01:00:00,INT_002,66
2024-02-23 02:00:00,INT_002,75
2024-02-23 03:00:00,INT_002,96
2024-02-23 04:00:00,INT_002,93
2024-02-23 05:00:00,INT_002,62
2024-02-23 06:00:00,INT_002,315
2024-02-23 07:00:00,INT_002,742
2024-02-23 08:00:00,INT_002,735
2024-02-23 09:00:00,INT_002,692
2024-02-23 10:00:00,INT_002,285
2024-02-23 11:00:00,INT_002,325
2024-02-23 12:00:00,INT_002,559
2024-02-23 13:00:00,INT_002,537
2024-02-23 14:00:00,INT_002,535
2024-02-23 15:00:00,INT_002,319
2024-02-23 16:00:00,INT_002,275
2024-02-23 17:00:00,INT_002,827
2024-02-23 18:00:00,INT_002,846
2024-02-23 19:00:00,INT_002,849
2024-02-23 20:00:00,INT_002,317
2024-02-23 21:00:00,INT_002,290
2024-02-23 22:00:00,INT_002,78
2024-02-23 23:00:00,INT_002,91
2024-02-24 00:00:00,INT_002,73
2024-02-24 01:00:00,INT_002,84
2024-02-24 02:00:00,INT_002,51
2024-02-24 03:00:00,INT_002,67
2024-02-24 04:00:00,INT_002,73
2024-02-24 05:00:00,INT_002,116
2024-02-24 06:00:00,INT_002,260
2024-02-24 07:00:00,INT_002,566
2024-02-24 08:00:00,INT_002,597
2024-02-24 09:00:00,INT_002,630
2024-02-24 10:00:00,INT_002,232
2024-02-24 11:00:00,INT_002,245
2024-02-24 12:00:00,INT_002,456
2024-02-24 13:00:00,INT_002,417
2024-02-24 14:00:00,INT_002,427
2024-02-24 15:00:00,INT_002,245
2024-02-24 16:00:00,INT_002,254
2024-02-24 17:00:00,INT_002,676
2024-02-24 18:00:00,INT_002,663
2024-02-24 19:00:00,INT_002,637
2024-02-24 20:00:00,INT_002,206
2024-02-24 21:00:00,INT_002,237
2024-02-24 22:00:00,INT_002,105
2024-02-24 23:00:00,INT_002,78
2024-02-25 00:00:00,INT_002,88
2024-02-25 01:00:00,INT_002,65
2024-02-25 02:00:00,INT_002,90
2024-02-25 03:00:00,INT_002,99
2024-02-25 04:00:00,INT_002,83
2024-02-25 05:00:00,INT_002,94
2024-02-25 06:00:00,INT_002,237
2024-02-25 07:00:00,INT_002,603
2024-02-25 08:00:00,INT_002,598
2024-02-25 09:00:00,INT_002,586
2024-02-25 10:00:00,INT_002,235
2024-02-25 11:00:00,INT_002,202
2024-02-25 12:00:00,INT_002,464
2024-02-25 13:00:00,INT_002,427
2024-02-25 14:00:00,INT_002,467
2024-02-25 15:00:00,INT_002,252
2024-02-25 16:00:00,INT_002,262
2024-02-25 17:00:00,INT_002,682
2024-02-25 18:00:00,INT_002,660
2024-02-25 19:00:00,INT_002,650
2024-02-25 20:00:00,INT_002,233
2024-02-25 21:00:00,INT_002,235
2024-02-25 22:00:00,INT_002,34
2024-02-25 23:00:00,INT_002,83
2024-02-26 00:00:00,INT_002,75
2024-02-26 01:00:00,INT_002,71
2024-02-26 02:00:00,INT_002,135
2024-02-26 03:00:00,INT_002,91
2024-02-26 04:00:00,INT_002,79
2024-02-26 05:00:00,INT_002,94
2024-02-26 06:00:00,INT_002,307
2024-02-26 07:00:00,INT_002,810
2024-02-26 08:00:00,INT_002,782
2024-02-26 09:00:00,INT_002,770
2024-02-26 10:00:00,INT_002,250
2024-02-26 11:00:00,INT_002,266
2024-02-26 12:00:00,INT_002,518
2024-02-26 13:00:00,INT_002,570
2024-02-26 14:00:00,INT_002,556
2024-02-26 15:00:00,INT_002,295
2024-02-26 16:00:00,INT_002,325
2024-02-26 17:00:00,INT_002,840
2024-02-26 18:00:00,INT_002,796
2024-02-26 19:00:00,INT_002,864
2024-02-26 20:00:00,INT_002,284
2024-02-26 21:00:00,INT_002,275
2024-02-26 22:00:00,INT_002,105
2024-02-26 23:00:00,INT_002,91
2024-02-27 00:00:00,INT_002,95
2024-02-27 01:00:00,INT_002,61
2024-02-27 02:00:00,INT_002,85
2024-02-27 03:00:00,INT_002,108
2024-02-27 04:00:00,INT_002,92
2024-02-27 05:00:00,INT_002,107
2024-02-27 06:00:00,INT_002,286
2024-02-27 07:00:00,INT_002,749
2024-02-27 08:00:00,INT_002,756
2024-02-27 09:00:00,INT_002,720
2024-02-27 10:00:00,INT_002,299
2024-02-27 11:00:00,INT_002,323
2024-02-27 12:00:00,INT_002,563
2024-02-27 13:00:00,INT_002,529
2024-02-27 14:00:00,INT_002,510
2024-02-27 15:00:00,INT_002,318
2024-02-27 16:00:00,INT_002,307
2024-02-27 17:00:00,INT_002,826
2024-02-27 18:00:00,INT_002,869
2024-02-27 19:00:00,INT_002,830
2024-02-27 20:00:00,INT_002,347
2024-02-27 21:00:00,INT_002,310
2024-02-27 22:00:00,INT_002,83
2024-02-27 23:00:00,INT_002,98
2024-02-28 00:00:00,INT_002,59
2024-02-28 01:00:00,INT_002,137
2024-02-28 02:00:00,INT_002,115
2024-02-28 03:00:00,INT_002,99
2024-02-28 04:00:00,INT_002,58
2024-02-28 05:00:00,INT_002,80
2024-02-28 06:00:00,INT_002,259
2024-02-28 07:00:00,INT_002,742
2024-02-28 08:00:00,INT_002,724
2024-02-28 09:00:00,INT_002,769
2024-02-28 10:00:00,INT_002,279
2024-02-28 11:00:00,INT_002,282
2024-02-28 12:00:00,INT_002,521
2024-02-28 13:00:00,INT_002,508
2024-02-28 14:00:00,INT_002,518
2024-02-28 15:00:00,INT_002,269
2024-02-28 16:00:00,INT_002,312
2024-02-28 17:00:00,INT_002,813
2024-02-28 18:00:00,INT_002,844
2024-02-28 19:00:00,INT_002,846
2024-02-28 20:00:00,INT_002,287
2024-02-28 21:00:00,INT_002,303
2024-02-28 22:00:00,INT_002,106
2024-02-28 23:00:00,INT_002,50
2024-02-29 00:00:00,INT_002,82
2024-02-29 01:00:00,INT_002,74
2024-02-29 02:00:00,INT_002,80
2024-02-29 03:00:00,INT_002,91
2024-02-29 04:00:00,INT_002,55
2024-02-29 05:00:00,INT_002,70
2024-02-29 06:00:00,INT_002,308
2024-02-29 07:00:00,INT_002,744
2024-02-29 08:00:00,INT_002,740
2024-02-29 09:00:00,INT_002,720
2024-02-29 10:00:00,INT_002,309
2024-02-29 11:00:00,INT_002,305
2024-02-29 12:00:00,INT_002,553
2024-02-29 13:00:00,INT_002,573
2024-02-29 14:00:00,INT_002,516
2024-02-29 15:00:00,INT_002,319
2024-02-29 16:00:00,INT_002,289
2024-02-29 17:00:00,INT_002,848
2024-02-29 18:00:00,INT_002,849
2024-02-29 19:00:00,INT_002,853
2024-02-29 20:00:00,INT_002,330
2024-02-29 21:00:00,INT_002,322
2024-02-29 22:00:00,INT_002,104
2024-02-29 23:00:00,INT_002,89
2024-01-01 00:00:00,INT_003,109
2024-01-01 01:00:00,INT_003,105
2024-01-01 02:00:00,INT_003,89
2024-01-01 03:00:00,INT_003,112
2024-01-01 04:00:00,INT_003,118
2024-01-01 05:00:00,INT_003,111
2024-01-01 06:00:00,INT_003,320
2024-01-01 07:00:00,INT_003,812
2024-01-01 08:00:00,INT_003,889
2024-01-01 09:00:00,INT_003,885
2024-01-01 10:00:00,INT_003,346
2024-01-01 11:00:00,INT_003,341
2024-01-01 12:00:00,INT_003,632
2024-01-01 13:00:00,INT_003,645
2024-01-01 14:00:00,INT_003,613
2024-01-01 15:00:00,INT_003,331
2024-01-01 16:00:00,INT_003,341
2024-01-01 17:00:00,INT_003,976
2024-01-01 18:00:00,INT_003,998
2024-01-01 19:00:00,INT_003,966
2024-01-01 20:00:00,INT_003,340
2024-01-01 21:00:00,INT_003,354
2024-01-01 22:00:00,INT_003,87
2024-01-01 23:00:00,INT_003,108
2024-01-02 00:00:00,INT_003,143
2024-01-02 01:00:00,INT_003,115
2024-01-02 02:00:00,INT_003,112
2024-01-02 03:00:00,INT_003,111
2024-01-02 04:00:00,INT_003,143
2024-01-02 05:00:00,INT_003,110
2024-01-02 06:00:00,INT_003,343
2024-01-02 07:00:00,INT_003,860
2024-01-02 08:00:00,INT_003,872
2024-01-02 09:00:00,INT_003,861
2024-01-02 10:00:00,INT_003,337
2024-01-02 11:00:00,INT_003,349
2024-01-02 12:00:00,INT_003,634
2024-01-02 13:00:00,INT_003,649
2024-01-02 14:00:00,INT_003,652
2024-01-02 15:00:00,INT_003,366
2024-01-02 16:00:00,INT_003,353
2024-01-02 17:00:00,INT_003,1020
2024-01-02 18:00:00,INT_003,1004
2024-01-02 19:00:00,INT_003,982
2024-01-02 20:00:00,INT_003,313
2024-01-02 21:00:00,INT_003,337
2024-01-02 22:00:00,INT_003,111
2024-01-02 23:00:00,INT_003,111
2024-01-03 00:00:00,INT_003,109
2024-01-03 01:00:00,INT_003,84
2024-01-03 02:00:00,INT_003,117
2024-01-03 03:00:00,INT_003,100
2024-01-03 04:00:00,INT_003,102
2024-01-03 05:00:00,INT_003,93
2024-01-03 06:00:00,INT_003,329
2024-01-03 07:00:00,INT_003,871
2024-01-03 08:00:00,INT_003,852
2024-01-03 09:00:00,INT_003,867
2024-01-03 10:00:00,INT_003,345
2024-01-03 11:00:00,INT_003,349
2024-01-03 12:00:00,INT_003,633
2024-01-03 13:00:00,INT_003,615
2024-01-03 14:00:00,INT_003,600
2024-01-03 15:00:00,INT_003,386
2024-01-03 16:00:00,INT_003,366
2024-01-03 17:00:00,INT_003,966
2024-01-03 18:00:00,INT_003,976
2024-01-03 19:00:00,INT_003,957
2024-01-03 20:00:00,INT_003,381
2024-01-03 21:00:00,INT_003,325
2024-01-03 22:00:00,INT_003,147
2024-01-03 23:00:00,INT_003,93
2024-01-04 00:00:00,INT_003,78
2024-01-04 01:00:00,INT_003,93
2024-01-04 02:00:00,INT_003,120
2024-01-04 03:00:00,INT_003,77
2024-01-04 04:00:00,INT_003,110
2024-01-04 05:00:00,INT_003,66
2024-01-04 06:00:00,INT_003,354
2024-01-04 07:00:00,INT_003,900
2024-01-04 08:00:00,INT_003,883
2024-01-04 09:00:00,INT_003,856
2024-01-04 10:00:00,INT_003,379
2024-01-04 11:00:00,INT_003,348
2024-01-04 12:00:00,INT_003,637
2024-01-04 13:00:00,INT_003,622
2024-01-04 14:00:00,INT_003,659
2024-01-04 15:00:00,INT_003,405
2024-01-04 16:00:00,INT_003,340
2024-01-04 17:00:00,INT_003,964
2024-01-04 18:00:00,INT_003,1008
2024-01-04 19:00:00,INT_003,979
2024-01-04 20:00:00,INT_003,331
2024-01-04 21:00:00,INT_003,343
2024-01-04 22:00:00,INT_003,111
2024-01-04 23:00:00,INT_003,137
2024-01-05 00:00:00,INT_003,122
2024-01-05 01:00:00,INT_003,90
2024-01-05 02:00:00,INT_003,113
2024-01-05 03:00:00,INT_003,110
2024-01-05 04:00:00,INT_003,127
2024-01-05 05:00:00,INT_003,87
2024-01-05 06:00:00,INT_003,331
2024-01-05 07:00:00,INT_003,859
2024-01-05 08:00:00,INT_003,910
2024-01-05 09:00:00,INT_003,880
2024-01-05 10:00:00,INT_003,391
2024-01-05 11:00:00,INT_003,349
2024-01-05 12:00:00,INT_003,662
2024-01-05 13:00:00,INT_003,621
2024-01-05 14:00:00,INT_003,650
2024-01-05 15:00:00,INT_003,360
2024-01-05 16:00:00,INT_003,387
2024-01-05 17:00:00,INT_003,1003
2024-01-05 18:00:00,INT_003,995
2024-01-05 19:00:00,INT_003,978
2024-01-05 20:00:00,INT_003,337
2024-01-05 21:00:00,INT_003,363
2024-01-05 22:00:00,INT_003,117
2024-01-05 23:00:00,INT_003,109
2024-01-06 00:00:00,INT_003,77
2024-01-06 01:00:00,INT_003,87
2024-01-06 02:00:00,INT_003,76
2024-01-06 03:00:00,INT_003,108
2024-01-06 04:00:00,INT_003,113
2024-01-06 05:00:00,INT_003,72
2024-01-06 06:00:00,INT_003,324
2024-01-06 07:00:00,INT_003,696
2024-01-06 08:00:00,INT_003,738
2024-01-06 09:00:00,INT_003,712
2024-01-06 10:00:00,INT_003,265
2024-01-06 11:00:00,INT_003,299
2024-01-06 12:00:00,INT_003,505
2024-01-06 13:00:00,INT_003,509
2024-01-06 14:00:00,INT_003,486
2024-01-06 15:00:00,INT_003,311
2024-01-06 16:00:00,INT_003,278
2024-01-06 17:00:00,INT_003,787
2024-01-06 18:00:00,INT_003,774
2024-01-06 19:00:00,INT_003,777
2024-01-06 20:00:00,INT_003,292
2024-01-06 21:00:00,INT_003,284
2024-01-06 22:00:00,INT_003,42
2024-01-06 23:00:00,INT_003,95
2024-01-07 00:00:00,INT_003,110
2024-01-07 01:00:00,INT_003,93
2024-01-07 02:00:00,INT_003,34
2024-01-07 03:00:00,INT_003,75
2024-01-07 04:00:00,INT_003,55
2024-01-07 05:00:00,INT_003,103
2024-01-07 06:00:00,INT_003,265
2024-01-07 07:00:00,INT_003,696
2024-01-07 08:00:00,INT_003,661
2024-01-07 09:00:00,INT_003,665
2024-01-07 10:00:00,INT_003,252
2024-01-07 11:00:00,INT_003,292
2024-01-07 12:00:00,INT_003,538
2024-01-07 13:00:00,INT_003,504
2024-01-07 14:00:00,INT_003,494
2024-01-07 15:00:00,INT_003,265
2024-01-07 16:00:00,INT_003,276
2024-01-07 17:00:00,INT_003,780
2024-01-07 18:00:00,INT_003,815
2024-01-07 19:00:00,INT_003,795
2024-01-07 20:00:00,INT_003,279
2024-01-07 21:00:00,INT_003,291
2024-01-07 22:00:00,INT_003,55
2024-01-07 23:00:00,INT_003,90
2024-01-08 00:00:00,INT_003,114
2024-01-08 01:00:00,INT_003,83
2024-01-08 02:00:00,INT_003,106
2024-01-08 03:00:00,INT_003,116
2024-01-08 04:00:00,INT_003,100
2024-01-08 05:00:00,INT_003,86
2024-01-08 06:00:00,INT_003,346
2024-01-08 07:00:00,INT_003,894
2024-01-08 08:00:00,INT_003,870
2024-01-08 09:00:00,INT_003,859
2024-01-08 10:00:00,INT_003,344
2024-01-08 11:00:00,INT_003,361
2024-01-08 12:00:00,INT_003,630
2024-01-08 13:00:00,INT_003,591
2024-01-08 14:00:00,INT_003,596
2024-01-08 15:00:00,INT_003,309
2024-01-08 16:00:00,INT_003,347
2024-01-08 17:00:00,INT_003,970
2024-01-08 18:00:00,INT_003,972
2024-01-08 19:00:00,INT_003,951
2024-01-08 20:00:00,INT_003,330
2024-01-08 21:00:00,INT_003,337
2024-01-08 22:00:00,INT_003,127
2024-01-08 23:00:00,INT_003,110
2024-01-09 00:00:00,INT_003,111
2024-01-09 01:00:00,INT_003,84
2024-01-09 02:00:00,INT_003,85
2024-01-09 03:00:00,INT_003,100
2024-01-09 04:00:00,INT_003,80
2024-01-09 05:00:00,INT_003,130
2024-01-09 06:00:00,INT_003,332
2024-01-09 07:00:00,INT_003,880
2024-01-09 08:00:00,INT_003,849
2024-01-09 09:00:00,INT_003,894
2024-01-09 10:00:00,INT_003,355
2024-01-09 11:00:00,INT_003,336
2024-01-09 12:00:00,INT_003,663
2024-01-09 13:00:00,INT_003,638
2024-01-09 14:00:00,INT_003,628
2024-01-09 15:00:00,INT_003,404
2024-01-09 16:00:00,INT_003,357
2024-01-09 17:00:00,INT_003,987
2024-01-09 18:00:00,INT_003,1002
2024-01-09 19:00:00,INT_003,972
2024-01-09 20:00:00,INT_003,335
2024-01-09 21:00:00,INT_003,362
2024-01-09 22:00:00,INT_003,84
2024-01-09 23:00:00,INT_003,88
2024-01-10 00:00:00,INT_003,122
2024-01-10 01:00:00,INT_003,115
2024-01-10 02:00:00,INT_003,101
2024-01-10 03:00:00,INT_003,129
2024-01-10 04:00:00,INT_003,146
2024-01-10 05:00:00,INT_003,105
2024-01-10 06:00:00,INT_003,338
2024-01-10 07:00:00,INT_003,874
2024-01-10 08:00:00,INT_003,841
2024-01-10 09:00:00,INT_003,905
2024-01-10 10:00:00,INT_003,317
2024-01-10 11:00:00,INT_003,328
2024-01-10 12:00:00,INT_003,640
2024-01-10 13:00:00,INT_003,601
2024-01-10 14:00:00,INT_003,623
2024-01-10 15:00:00,INT_003,353
2024-01-10 16:00:00,INT_003,393
2024-01-10 17:00:00,INT_003,974
2024-01-10 18:00:00,INT_003,969
2024-01-10 19:00:00,INT_003,978
2024-01-10 20:00:00,INT_003,337
2024-01-10 21:00:00,INT_003,386
2024-01-10 22:00:00,INT_003,153
2024-01-10 23:00:00,INT_003,118
2024-01-11 00:00:00,INT_003,109
2024-01-11 01:00:00,INT_003,116
2024-01-11 02:00:00,INT_003,72
2024-01-11 03:00:00,INT_003,103
2024-01-11 04:00:00,INT_003,122
2024-01-11 05:00:00,INT_003,104
2024-01-11 06:00:00,INT_003,372
2024-01-11 07:00:00,INT_003,858
2024-01-11 08:00:00,INT_003,848
2024-01-11 09:00:00,INT_003,905
2024-01-11 10:00:00,INT_003,326
2024-01-11 11:00:00,INT_003,359
2024-01-11 12:00:00,INT_003,640
2024-01-11 13:00:00,INT_003,595
2024-01-11 14:00:00,INT_003,622
2024-01-11 15:00:00,INT_003,349
2024-01-11 16:00:00,INT_003,346
2024-01-11 17:00:00,INT_003,971
2024-01-11 18:00:00,INT_003,953
2024-01-11 19:00:00,INT_003,947
2024-01-11 20:00:00,INT_003,325
2024-01-11 21:00:00,INT_003,361
2024-01-11 22:00:00,INT_003,99
2024-01-11 23:00:00,INT_003,153
2024-01-12 00:00:00,INT_003,78
2024-01-12 01:00:00,INT_003,129
2024-01-12 02:00:00,INT_003,108
2024-01-12 03:00:00,INT_003,90
2024-01-12 04:00:00,INT_003,126
2024-01-12 05:00:00,INT_003,96
2024-01-12 06:00:00,INT_003,356
2024-01-12 07:00:00,INT_003,894
2024-01-12 08:00:00,INT_003,853
2024-01-12 09:00:00,INT_003,918
2024-01-12 10:00:00,INT_003,316
2024-01-12 11:00:00,INT_003,321
2024-01-12 12:00:00,INT_003,631
2024-01-12 13:00:00,INT_003,629
2024-01-12 14:00:00,INT_003,647
2024-01-12 15:00:00,INT_003,346
2024-01-12 16:00:00,INT_003,362
2024-01-12 17:00:00,INT_003,982
2024-01-12 18:00:00,INT_003,995
2024-01-12 19:00:00,INT_003,993
2024-01-12 20:00:00,INT_003,379
2024-01-12 21:00:00,INT_003,368
2024-01-12 22:00:00,INT_003,91
2024-01-12 23:00:00,INT_003,116
2024-01-13 00:00:00,INT_003,83
2024-01-13 01:00:00,INT_003,70
2024-01-13 02:00:00,INT_003,84
2024-01-13 03:00:00,INT_003,85
2024-01-13 04:00:00,INT_003,88
2024-01-13 05:00:00,INT_003,86
2024-01-13 06:00:00,INT_003,234
2024-01-13 07:00:00,INT_003,688
2024-01-13 08:00:00,INT_003,709
2024-01-13 09:00:00,INT_003,708
2024-01-13 10:00:00,INT_003,267
2024-01-13 11:00:00,INT_003,239
2024-01-13 12:00:00,INT_003,512
2024-01-13 13:00:00,INT_003,525
2024-01-13 14:00:00,INT_003,526
2024-01-13 15:00:00,INT_003,285
2024-01-13 16:00:00,INT_003,263
2024-01-13 17:00:00,INT_003,803
2024-01-13 18:00:00,INT_003,766
2024-01-13 19:00:00,INT_003,741
2024-01-13 20:00:00,INT_003,278
2024-01-13 21:00:00,INT_003,309
2024-01-13 22:00:00,INT_003,67
2024-01-13 23:00:00,INT_003,42
2024-01-14 00:00:00,INT_003,80
2024-01-14 01:00:00,INT_003,101
2024-01-14 02:00:00,INT_003,93
2024-01-14 03:00:00,INT_003,86
2024-01-14 04:00:00,INT_003,78
2024-01-14 05:00:00,INT_003,90
2024-01-14 06:00:00,INT_003,273
2024-01-14 07:00:00,INT_003,719
2024-01-14 08:00:00,INT_003,756
2024-01-14 09:00:00,INT_003,707
2024-01-14 10:00:00,INT_003,283
2024-01-14 11:00:00,INT_003,276
2024-01-14 12:00:00,INT_003,529
2024-01-14 13:00:00,INT_003,475
2024-01-14 14:00:00,INT_003,547
2024-01-14 15:00:00,INT_003,272
2024-01-14 16:00:00,INT_003,317
2024-01-14 17:00:00,INT_003,790
2024-01-14 18:00:00,INT_003,791
2024-01-14 19:00:00,INT_003,794
2024-01-14 20:00:00,INT_003,246
2024-01-14 21:00:00,INT_003,304
2024-01-14 22:00:00,INT_003,104
2024-01-14 23:00:00,INT_003,61
2024-01-15 00:00:00,INT_003,136
2024-01-15 01:00:00,INT_003,126
2024-01-15 02:00:00,INT_003,97
2024-01-15 03:00:00,INT_003,93
2024-01-15 04:00:00,INT_003,136
2024-01-15 05:00:00,INT_003,71
2024-01-15 06:00:00,INT_003,364
2024-01-15 07:00:00,INT_003,895
2024-01-15 08:00:00,INT_003,911
2024-01-15 09:00:00,INT_003,877
2024-01-15 10:00:00,INT_003,373
2024-01-15 11:00:00,INT_003,329
2024-01-15 12:00:00,INT_003,621
2024-01-15 13:00:00,INT_003,607
2024-01-15 14:00:00,INT_003,624
2024-01-15 15:00:00,INT_003,351
2024-01-15 16:00:00,INT_003,356
2024-01-15 17:00:00,INT_003,978
2024-01-15 18:00:00,INT_003,973
2024-01-15 19:00:00,INT_003,938
2024-01-15 20:00:00,INT_003,346
2024-01-15 21:00:00,INT_003,360
2024-01-15 22:00:00,INT_003,99
2024-01-15 23:00:00,INT_003,116
2024-01-16 00:00:00,INT_003,64
2024-01-16 01:00:00,INT_003,110
2024-01-16 02:00:00,INT_003,105
2024-01-16 03:00:00,INT_003,137
2024-01-16 04:00:00,INT_003,84
2024-01-16 05:00:00,INT_003,106
2024-01-16 06:00:00,INT_003,331
2024-01-16 07:00:00,INT_003,856
2024-01-16 08:00:00,INT_003,898
2024-01-16 09:00:00,INT_003,902
2024-01-16 10:00:00,INT_003,352
2024-01-16 11:00:00,INT_003,352
2024-01-16 12:00:00,INT_003,620
2024-01-16 13:00:00,INT_003,660
2024-01-16 14:00:00,INT_003,654
2024-01-16 15:00:00,INT_003,349
2024-01-16 16:00:00,INT_003,345
2024-01-16 17:00:00,INT_003,1002
2024-01-16 18:00:00,INT_003,991
2024-01-16 19:00:00,INT_003,1020
2024-01-16 20:00:00,INT_003,344
2024-01-16 21:00:00,INT_003,383
2024-01-16 22:00:00,INT_003,103
2024-01-16 23:00:00,INT_003,135
2024-01-17 00:00:00,INT_003,58
2024-01-17 01:00:00,INT_003,97
2024-01-17 02:00:00,INT_003,116
2024-01-17 03:00:00,INT_003,87
2024-01-17 04:00:00,INT_003,99
2024-01-17 05:00:00,INT_003,78
2024-01-17 06:00:00,INT_003,369
2024-01-17 07:00:00,INT_003,869
2024-01-17 08:00:00,INT_003,835
2024-01-17 09:00:00,INT_003,881
2024-01-17 10:00:00,INT_003,381
2024-01-17 11:00:00,INT_003,362
2024-01-17 12:00:00,INT_003,656
2024-01-17 13:00:00,INT_003,634
2024-01-17 14:00:00,INT_003,628
2024-01-17 15:00:00,INT_003,397
2024-01-17 16:00:00,INT_003,342
2024-01-17 17:00:00,INT_003,969
2024-01-17 18:00:00,INT_003,944
2024-01-17 19:00:00,INT_003,947
2024-01-17 20:00:00,INT_003,361
2024-01-17 21:00:00,INT_003,361
2024-01-17 22:00:00,INT_003,78
2024-01-17 23:00:00,INT_003,127
2024-01-18 00:00:00,INT_003,95
2024-01-18 01:00:00,INT_003,88
2024-01-18 02:00:00,INT_003,106
2024-01-18 03:00:00,INT_003,79
2024-01-18 04:00:00,INT_003,116
2024-01-18 05:00:00,INT_003,125
2024-01-18 06:00:00,INT_003,343
2024-01-18 07:00:00,INT_003,903
2024-01-18 08:00:00,INT_003,882
2024-01-18 09:00:00,INT_003,879
2024-01-18 10:00:00,INT_003,397
2024-01-18 11:00:00,INT_003,344
2024-01-18 12:00:00,INT_003,641
2024-01-18 13:00:00,INT_003,627
2024-01-18 14:00:00,INT_003,632
2024-01-18 15:00:00,INT_003,343
2024-01-18 16:00:00,INT_003,352
2024-01-18 17:00:00,INT_003,972
2024-01-18 18:00:00,INT_003,994
2024-01-18 19:00:00,INT_003,980
2024-01-18 20:00:00,INT_003,339
2024-01-18 21:00:00,INT_003,334
2024-01-18 22:00:00,INT_003,125
2024-01-18 23:00:00,INT_003,108
2024-01-19 00:00:00,INT_003,103
2024-01-19 01:00:00,INT_003,82
2024-01-19 02:00:00,INT_003,127
2024-01-19 03:00:00,INT_003,118
2024-01-19 04:00:00,INT_003,116
2024-01-19 05:00:00,INT_003,108
2024-01-19 06:00:00,INT_003,334
2024-01-19 07:00:00,INT_003,867
2024-01-19 08:00:00,INT_003,865
2024-01-19 09:00:00,INT_003,888
2024-01-19 10:00:00,INT_003,335
2024-01-19 11:00:00,INT_003,340
2024-01-19 12:00:00,INT_003,634
2024-01-19 13:00:00,INT_003,625
2024-01-19 14:00:00,INT_003,656
2024-01-19 15:00:00,INT_003,340
2024-01-19 16:00:00,INT_003,355
2024-01-19 17:00:00,INT_003,970
2024-01-19 18:00:00,INT_003,999
2024-01-19 19:00:00,INT_003,964
2024-01-19 20:00:00,INT_003,394
2024-01-19 21:00:00,INT_003,356
2024-01-19 22:00:00,INT_003,95
2024-01-19 23:00:00,INT_003,126
2024-01-20 00:00:00,INT_003,80
2024-01-20 01:00:00,INT_003,99
2024-01-20 02:00:00,INT_003,92
2024-01-20 03:00:00,INT_003,97
2024-01-20 04:00:00,INT_003,92
2024-01-20 05:00:00,INT_003,109
2024-01-20 06:00:00,INT_003,262
2024-01-20 07:00:00,INT_003,725
2024-01-20 08:00:00,INT_003,659
2024-01-20 09:00:00,INT_003,698
2024-01-20 10:00:00,INT_003,268
2024-01-20 11:00:00,INT_003,289
2024-01-20 12:00:00,INT_003,484
2024-01-20 13:00:00,INT_003,484
2024-01-20 14:00:00,INT_003,495
2024-01-20 15:00:00,INT_003,286
2024-01-20 16:00:00,INT_003,275
2024-01-20 17:00:00,INT_003,815
2024-01-20 18:00:00,INT_003,789
2024-01-20 19:00:00,INT_003,784
2024-01-20 20:00:00,INT_003,266
2024-01-20 21:00:00,INT_003,270
2024-01-20 22:00:00,INT_003,77
2024-01-20 23:00:00,INT_003,68
2024-01-21 00:00:00,INT_003,30
2024-01-21 01:00:00,INT_003,95
2024-01-21 02:00:00,INT_003,92
2024-01-21 03:00:00,INT_003,98
2024-01-21 04:00:00,INT_003,117
2024-01-21 05:00:00,INT_003,15
2024-01-21 06:00:00,INT_003,277
2024-01-21 07:00:00,INT_003,700
2024-01-21 08:00:00,INT_003,656
2024-01-21 09:00:00,INT_003,702
2024-01-21 10:00:00,INT_003,306
2024-01-21 11:00:00,INT_003,266
2024-01-21 12:00:00,INT_003,517
2024-01-21 13:00:00,INT_003,504
2024-01-21 14:00:00,INT_003,500
2024-01-21 15:00:00,INT_003,298
2024-01-21 16:00:00,INT_003,279
2024-01-21 17:00:00,INT_003,781
2024-01-21 18:00:00,INT_003,773
2024-01-21 19:00:00,INT_003,770
2024-01-21 20:00:00,INT_003,269
2024-01-21 21:00:00,INT_003,270
2024-01-21 22:00:00,INT_003,88
2024-01-21 23:00:00,INT_003,113
2024-01-22 00:00:00,INT_003,119
2024-01-22 01:00:00,INT_003,105
2024-01-22 02:00:00,INT_003,132
2024-01-22 03:00:00,INT_003,119
2024-01-22 04:00:00,INT_003,120
2024-01-22 05:00:00,INT_003,105
2024-01-22 06:00:00,INT_003,348
2024-01-22 07:00:00,INT_003,868
2024-01-22 08:00:00,INT_003,850
2024-01-22 09:00:00,INT_003,848
2024-01-22 10:00:00,INT_003,384
2024-01-22 11:00:00,INT_003,342
2024-01-22 12:00:00,INT_003,622
2024-01-22 13:00:00,INT_003,593
2024-01-22 14:00:00,INT_003,636
2024-01-22 15:00:00,INT_003,412
2024-01-22 16:00:00,INT_003,352
2024-01-22 17:00:00,INT_003,990
2024-01-22 18:00:00,INT_003,998
2024-01-22 19:00:00,INT_003,976
2024-01-22 20:00:00,INT_003,341
2024-01-22 21:00:00,INT_003,323
2024-01-22 22:00:00,INT_003,96
2024-01-22 23:00:00,INT_003,83
2024-01-23 00:00:00,INT_003,111
2024-01-23 01:00:00,INT_003,116
2024-01-23 02:00:00,INT_003,124
2024-01-23 03:00:00,INT_003,102
2024-01-23 04:00:00,INT_003,138
2024-01-23 05:00:00,INT_003,95
2024-01-23 06:00:00,INT_003,365
2024-01-23 07:00:00,INT_003,910
2024-01-23 08:00:00,INT_003,867
2024-01-23 09:00:00,INT_003,899
2024-01-23 10:00:00,INT_003,364
2024-01-23 11:00:00,INT_003,334
2024-01-23 12:00:00,INT_003,598
2024-01-23 13:00:00,INT_003,636
2024-01-23 14:00:00,INT_003,645
2024-01-23 15:00:00,INT_003,327
2024-01-23 16:00:00,INT_003,358
2024-01-23 17:00:00,INT_003,990
2024-01-23 18:00:00,INT_003,959
2024-01-23 19:00:00,INT_003,993
2024-01-23 20:00:00,INT_003,351
2024-01-23 21:00:00,INT_003,345
2024-01-23 22:00:00,INT_003,58
2024-01-23 23:00:00,INT_003,112
2024-01-24 00:00:00,INT_003,114
2024-01-24 01:00:00,INT_003,98
2024-01-24 02:00:00,INT_003,105
2024-01-24 03:00:00,INT_003,89
2024-01-24 04:00:00,INT_003,104
2024-01-24 05:00:00,INT_003,119
2024-01-24 06:00:00,INT_003,359
2024-01-24 07:00:00,INT_003,860
2024-01-24 08:00:00,INT_003,893
2024-01-24 09:00:00,INT_003,868
2024-01-24 10:00:00,INT_003,339
2024-01-24 11:00:00,INT_003,357
2024-01-24 12:00:00,INT_003,619
2024-01-24 13:00:00,INT_003,627
2024-01-24 14:00:00,INT_003,622
2024-01-24 15:00:00,INT_003,358
2024-01-24 16:00:00,INT_003,356
2024-01-24 17:00:00,INT_003,946
2024-01-24 18:00:00,INT_003,977
2024-01-24 19:00:00,INT_003,959
2024-01-24 20:00:00,INT_003,353
2024-01-24 21:00:00,INT_003,333
2024-01-24 22:00:00,INT_003,107
2024-01-24 23:00:00,INT_003,101
2024-01-25 00:00:00,INT_003,134
2024-01-25 01:00:00,INT_003,85
2024-01-25 02:00:00,INT_003,101
2024-01-25 03:00:00,INT_003,82
2024-01-25 04:00:00,INT_003,123
2024-01-25 05:00:00,INT_003,122
2024-01-25 06:00:00,INT_003,304
2024-01-25 07:00:00,INT_003,878
2024-01-25 08:00:00,INT_003,887
2024-01-25 09:00:00,INT_003,846
2024-01-25 10:00:00,INT_003,319
2024-01-25 11:00:00,INT_003,362
2024-01-25 12:00:00,INT_003,624
2024-01-25 13:00:00,INT_003,647
2024-01-25 14:00:00,INT_003,632
2024-01-25 15:00:00,INT_003,323
2024-01-25 16:00:00,INT_003,333
2024-01-25 17:00:00,INT_003,999
2024-01-25 18:00:00,INT_003,978
2024-01-25 19:00:00,INT_003,1032
2024-01-25 20:00:00,INT_003,361
2024-01-25 21:00:00,INT_003,376
2024-01-25 22:00:00,INT_003,142
2024-01-25 23:00:00,INT_003,129
2024-01-26 00:00:00,INT_003,87
2024-01-26 01:00:00,INT_003,122
2024-01-26 02:00:00,INT_003,116
2024-01-26 03:00:00,INT_003,79
2024-01-26 04:00:00,INT_003,123
2024-01-26 05:00:00,INT_003,92
2024-01-26 06:00:00,INT_003,370
2024-01-26 07:00:00,INT_003,895
2024-01-26 08:00:00,INT_003,856
2024-01-26 09:00:00,INT_003,834
2024-01-26 10:00:00,INT_003,373
2024-01-26 11:00:00,INT_003,338
2024-01-26 12:00:00,INT_003,632
2024-01-26 13:00:00,INT_003,609
2024-01-26 14:00:00,INT_003,617
2024-01-26 15:00:00,INT_003,328
2024-01-26 16:00:00,INT_003,311
2024-01-26 17:00:00,INT_003,985
2024-01-26 18:00:00,INT_003,979
2024-01-26 19:00:00,INT_003,972
2024-01-26 20:00:00,INT_003,348
2024-01-26 21:00:00,INT_003,355
2024-01-26 22:00:00,INT_003,92
2024-01-26 23:00:00,INT_003,94
2024-01-27 00:00:00,INT_003,117
2024-01-27 01:00:00,INT_003,101
2024-01-27 02:00:00,INT_003,107
2024-01-27 03:00:00,INT_003,70
2024-01-27 04:00:00,INT_003,76
2024-01-27 05:00:00,INT_003,107
2024-01-27 06:00:00,INT_003,324
2024-01-27 07:00:00,INT_003,712
2024-01-27 08:00:00,INT_003,700
2024-01-27 09:00:00,INT_003,711
2024-01-27 10:00:00,INT_003,294
2024-01-27 11:00:00,INT_003,258
2024-01-27 12:00:00,INT_003,494
2024-01-27 13:00:00,INT_003,490
2024-01-27 14:00:00,INT_003,473
2024-01-27 15:00:00,INT_003,251
2024-01-27 16:00:00,INT_003,282
2024-01-27 17:00:00,INT_003,815
2024-01-27 18:00:00,INT_003,764
2024-01-27 19:00:00,INT_003,766
2024-01-27 20:00:00,INT_003,237
2024-01-27 21:00:00,INT_003,247
2024-01-27 22:00:00,INT_003,60
2024-01-27 23:00:00,INT_003,88
2024-01-28 00:00:00,INT_003,93
2024-01-28 01:00:00,INT_003,81
2024-01-28 02:00:00,INT_003,91
2024-01-28 03:00:00,INT_003,114
2024-01-28 04:00:00,INT_003,59
2024-01-28 05:00:00,INT_003,59
2024-01-28 06:00:00,INT_003,288
2024-01-28 07:00:00,INT_003,683
2024-01-28 08:00:00,INT_003,694
2024-01-28 09:00:00,INT_003,718
2024-01-28 10:00:00,INT_003,297
2024-01-28 11:00:00,INT_003,303
2024-01-28 12:00:00,INT_003,496
2024-01-28 13:00:00,INT_003,502
2024-01-28 14:00:00,INT_003,499
2024-01-28 15:00:00,INT_003,278
2024-01-28 16:00:00,INT_003,302
2024-01-28 17:00:00,INT_003,784
2024-01-28 18:00:00,INT_003,791
2024-01-28 19:00:00,INT_003,756
2024-01-28 20:00:00,INT_003,290
2024-01-28 21:00:00,INT_003,283
2024-01-28 22:00:00,INT_003,54
2024-01-28 23:00:00,INT_003,58
2024-01-29 00:00:00,INT_003,102
2024-01-29 01:00:00,INT_003,67
2024-01-29 02:00:00,INT_003,104
2024-01-29 03:00:00,INT_003,92
2024-01-29 04:00:00,INT_003,97
2024-01-29 05:00:00,INT_003,84
2024-01-29 06:00:00,INT_003,342
2024-01-29 07:00:00,INT_003,888
2024-01-29 08:00:00,INT_003,871
2024-01-29 09:00:00,INT_003,856
2024-01-29 10:00:00,INT_003,357
2024-01-29 11:00:00,INT_003,331
2024-01-29 12:00:00,INT_003,618
2024-01-29 13:00:00,INT_003,609
2024-01-29 14:00:00,INT_003,594
2024-01-29 15:00:00,INT_003,310
2024-01-29 16:00:00,INT_003,347
2024-01-29 17:00:00,INT_003,959
2024-01-29 18:00:00,INT_003,974
2024-01-29 19:00:00,INT_003,956
2024-01-29 20:00:00,INT_003,335
2024-01-29 21:00:00,INT_003,359
2024-01-29 22:00:00,INT_003,82
2024-01-29 23:00:00,INT_003,96
2024-01-30 00:00:00,INT_003,93
2024-01-30 01:00:00,INT_003,84
2024-01-30 02:00:00,INT_003,106
2024-01-30 03:00:00,INT_003,88
2024-01-30 04:00:00,INT_003,98
2024-01-30 05:00:00,INT_003,90
2024-01-30 06:00:00,INT_003,329
2024-01-30 07:00:00,INT_003,884
2024-01-30 08:00:00,INT_003,845
2024-01-30 09:00:00,INT_003,925
2024-01-30 10:00:00,INT_003,343
2024-01-30 11:00:00,INT_003,323
2024-01-30 12:00:00,INT_003,637
2024-01-30 13:00:00,INT_003,626
2024-01-30 14:00:00,INT_003,625
2024-01-30 15:00:00,INT_003,383
2024-01-30 16:00:00,INT_003,376
2024-01-30 17:00:00,INT_003,980
2024-01-30 18:00:00,INT_003,961
2024-01-30 19:00:00,INT_003,1024
2024-01-30 20:00:00,INT_003,362
2024-01-30 21:00:00,INT_003,310
2024-01-30 22:00:00,INT_003,125
2024-01-30 23:00:00,INT_003,91
2024-01-31 00:00:00,INT_003,86
2024-01-31 01:00:00,INT_003,90
2024-01-31 02:00:00,INT_003,110
2024-01-31 03:00:00,INT_003,98
2024-01-31 04:00:00,INT_003,98
2024-01-31 05:00:00,INT_003,116
2024-01-31 06:00:00,INT_003,335
2024-01-31 07:00:00,INT_003,866
2024-01-31 08:00:00,INT_003,895
2024-01-31 09:00:00,INT_003,880
2024-01-31 10:00:00,INT_003,334
2024-01-31 11:00:00,INT_003,388
2024-01-31 12:00:00,INT_003,638
2024-01-31 13:00:00,INT_003,618
2024-01-31 14:00:00,INT_003,620
2024-01-31 15:00:00,INT_003,367
2024-01-31 16:00:00,INT_003,352
2024-01-31 17:00:00,INT_003,968
2024-01-31 18:00:00,INT_003,960
2024-01-31 19:00:00,INT_003,967
2024-01-31 20:00:00,INT_003,367
2024-01-31 21:00:00,INT_003,346
2024-01-31 22:00:00,INT_003,113
2024-01-31 23:00:00,INT_003,94
2024-02-01 00:00:00,INT_003,167
2024-02-01 01:00:00,INT_003,102
2024-02-01 02:00:00,INT_003,123
2024-02-01 03:00:00,INT_003,126
2024-02-01 04:00:00,INT_003,89
2024-02-01 05:00:00,INT_003,121
2024-02-01 06:00:00,INT_003,332
2024-02-01 07:00:00,INT_003,883
2024-02-01 08:00:00,INT_003,894
2024-02-01 09:00:00,INT_003,913
2024-02-01 10:00:00,INT_003,363
2024-02-01 11:00:00,INT_003,348
2024-02-01 12:00:00,INT_003,625
2024-02-01 13:00:00,INT_003,633
2024-02-01 14:00:00,INT_003,622
2024-02-01 15:00:00,INT_003,327
2024-02-01 16:00:00,INT_003,357
2024-02-01 17:00:00,INT_003,985
2024-02-01 18:00:00,INT_003,1033
2024-02-01 19:00:00,INT_003,961
2024-02-01 20:00:00,INT_003,330
2024-02-01 21:00:00,INT_003,356
2024-02-01 22:00:00,INT_003,111
2024-02-01 23:00:00,INT_003,102
2024-02-02 00:00:00,INT_003,114
2024-02-02 01:00:00,INT_003,131
2024-02-02 02:00:00,INT_003,99
2024-02-02 03:00:00,INT_003,120
2024-02-02 04:00:00,INT_003,68
2024-02-02 05:00:00,INT_003,114
2024-02-02 06:00:00,INT_003,356
2024-02-02 07:00:00,INT_003,869
2024-02-02 08:00:00,INT_003,882
2024-02-02 09:00:00,INT_003,916
2024-02-02 10:00:00,INT_003,347
2024-02-02 11:00:00,INT_003,346
2024-02-02 12:00:00,INT_003,624
2024-02-02 13:00:00,INT_003,615
2024-02-02 14:00:00,INT_003,583
2024-02-02 15:00:00,INT_003,352
2024-02-02 16:00:00,INT_003,350
2024-02-02 17:00:00,INT_003,1013
2024-02-02 18:00:00,INT_003,998
2024-02-02 19:00:00,INT_003,960
2024-02-02 20:00:00,INT_003,340
2024-02-02 21:00:00,INT_003,366
2024-02-02 22:00:00,INT_003,103
2024-02-02 23:00:00,INT_003,92
2024-02-03 00:00:00,INT_003,87
2024-02-03 01:00:00,INT_003,102
2024-02-03 02:00:00,INT_003,76
2024-02-03 03:00:00,INT_003,48
2024-02-03 04:00:00,INT_003,91
2024-02-03 05:00:00,INT_003,31
2024-02-03 06:00:00,INT_003,243
2024-02-03 07:00:00,INT_003,675
2024-02-03 08:00:00,INT_003,692
2024-02-03 09:00:00,INT_003,709
2024-02-03 10:00:00,INT_003,263
2024-02-03 11:00:00,INT_003,282
2024-02-03 12:00:00,INT_003,533
2024-02-03 13:00:00,INT_003,504
2024-02-03 14:00:00,INT_003,495
2024-02-03 15:00:00,INT_003,268
2024-02-03 16:00:00,INT_003,273
2024-02-03 17:00:00,INT_003,767
2024-02-03 18:00:00,INT_003,818
2024-02-03 19:00:00,INT_003,752
2024-02-03 20:00:00,INT_003,303
2024-02-03 21:00:00,INT_003,285
2024-02-03 22:00:00,INT_003,100
2024-02-03 23:00:00,INT_003,79
2024-02-04 00:00:00,INT_003,72
2024-02-04 01:00:00,INT_003,121
2024-02-04 02:00:00,INT_003,85
2024-02-04 03:00:00,INT_003,91
2024-02-04 04:00:00,INT_003,93
2024-02-04 05:00:00,INT_003,79
2024-02-04 06:00:00,INT_003,292
2024-02-04 07:00:00,INT_003,699
2024-02-04 08:00:00,INT_003,665
2024-02-04 09:00:00,INT_003,724
2024-02-04 10:00:00,INT_003,277
2024-02-04 11:00:00,INT_003,273
2024-02-04 12:00:00,INT_003,498
2024-02-04 13:00:00,INT_003,495
2024-02-04 14:00:00,INT_003,502
2024-02-04 15:00:00,INT_003,256
2024-02-04 16:00:00,INT_003,278
2024-02-04 17:00:00,INT_003,802
2024-02-04 18:00:00,INT_003,780
2024-02-04 19:00:00,INT_003,768
2024-02-04 20:00:00,INT_003,273
2024-02-04 21:00:00,INT_003,294
2024-02-04 22:00:00,INT_003,89
2024-02-04 23:00:00,INT_003,75
2024-02-05 00:00:00,INT_003,77
2024-02-05 01:00:00,INT_003,105
2024-02-05 02:00:00,INT_003,97
2024-02-05 03:00:00,INT_003,99
2024-02-05 04:00:00,INT_003,114
2024-02-05 05:00:00,INT_003,121
2024-02-05 06:00:00,INT_003,385
2024-02-05 07:00:00,INT_003,904
2024-02-05 08:00:00,INT_003,882
2024-02-05 09:00:00,INT_003,866
2024-02-05 10:00:00,INT_003,387
2024-02-05 11:00:00,INT_003,360
2024-02-05 12:00:00,INT_003,633
2024-02-05 13:00:00,INT_003,666
2024-02-05 14:00:00,INT_003,665
2024-02-05 15:00:00,INT_003,336
2024-02-05 16:00:00,INT_003,322
2024-02-05 17:00:00,INT_003,1039
2024-02-05 18:00:00,INT_003,985
2024-02-05 19:00:00,INT_003,970
2024-02-05 20:00:00,INT_003,360
2024-02-05 21:00:00,INT_003,331
2024-02-05 22:00:00,INT_003,94
2024-02-05 23:00:00,INT_003,129
2024-02-06 00:00:00,INT_003,110
2024-02-06 01:00:00,INT_003,85
2024-02-06 02:00:00,INT_003,104
2024-02-06 03:00:00,INT_003,131
2024-02-06 04:00:00,INT_003,76
2024-02-06 05:00:00,INT_003,117
2024-02-06 06:00:00,INT_003,335
2024-02-06 07:00:00,INT_003,891
2024-02-06 08:00:00,INT_003,861
2024-02-06 09:00:00,INT_003,883
2024-02-06 10:00:00,INT_003,359
2024-02-06 11:00:00,INT_003,389
2024-02-06 12:00:00,INT_003,606
2024-02-06 13:00:00,INT_003,603
2024-02-06 14:00:00,INT_003,591
2024-02-06 15:00:00,INT_003,337
2024-02-06 16:00:00,INT_003,329
2024-02-06 17:00:00,INT_003,987
2024-02-06 18:00:00,INT_003,992
2024-02-06 19:00:00,INT_003,970
2024-02-06 20:00:00,INT_003,352
2024-02-06 21:00:00,INT_003,365
2024-02-06 22:00:00,INT_003,110
2024-02-06 23:00:00,INT_003,94
2024-02-07 00:00:00,INT_003,130
2024-02-07 01:00:00,INT_003,107
2024-02-07 02:00:00,INT_003,127
2024-02-07 03:00:00,INT_003,91
2024-02-07 04:00:00,INT_003,113
2024-02-07 05:00:00,INT_003,115
2024-02-07 06:00:00,INT_003,347
2024-02-07 07:00:00,INT_003,818
2024-02-07 08:00:00,INT_003,830
2024-02-07 09:00:00,INT_003,828
2024-02-07 10:00:00,INT_003,320
2024-02-07 11:00:00,INT_003,361
2024-02-07 12:00:00,INT_003,604
2024-02-07 13:00:00,INT_003,624
2024-02-07 14:00:00,INT_003,623
2024-02-07 15:00:00,INT_003,353
2024-02-07 16:00:00,INT_003,366
2024-02-07 17:00:00,INT_003,967
2024-02-07 18:00:00,INT_003,973
2024-02-07 19:00:00,INT_003,1003
2024-02-07 20:00:00,INT_003,378
2024-02-07 21:00:00,INT_003,350
2024-02-07 22:00:00,INT_003,127
2024-02-07 23:00:00,INT_003,80
2024-02-08 00:00:00,INT_003,125
2024-02-08 01:00:00,INT_003,111
2024-02-08 02:00:00,INT_003,95
2024-02-08 03:00:00,INT_003,113
2024-02-08 04:00:00,INT_003,98
2024-02-08 05:00:00,INT_003,107
2024-02-08 06:00:00,INT_003,347
2024-02-08 07:00:00,INT_003,907
2024-02-08 08:00:00,INT_003,867
2024-02-08 09:00:00,INT_003,860
2024-02-08 10:00:00,INT_003,336
2024-02-08 11:00:00,INT_003,334
2024-02-08 12:00:00,INT_003,635
2024-02-08 13:00:00,INT_003,593
2024-02-08 14:00:00,INT_003,614
2024-02-08 15:00:00,INT_003,318
2024-02-08 16:00:00,INT_003,363
2024-02-08 17:00:00,INT_003,958
2024-02-08 18:00:00,INT_003,978
2024-02-08 19:00:00,INT_003,985
2024-02-08 20:00:00,INT_003,362
2024-02-08 21:00:00,INT_003,375
2024-02-08 22:00:00,INT_003,118
2024-02-08 23:00:00,INT_003,91
2024-02-09 00:00:00,INT_003,97
2024-02-09 01:00:00,INT_003,88
2024-02-09 02:00:00,INT_003,101
2024-02-09 03:00:00,INT_003,139
2024-02-09 04:00:00,INT_003,127
2024-02-09 05:00:00,INT_003,125
2024-02-09 06:00:00,INT_003,340
2024-02-09 07:00:00,INT_003,883
2024-02-09 08:00:00,INT_003,859
2024-02-09 09:00:00,INT_003,843
2024-02-09 10:00:00,INT_003,356
2024-02-09 11:00:00,INT_003,349
2024-02-09 12:00:00,INT_003,640
2024-02-09 13:00:00,INT_003,620
2024-02-09 14:00:00,INT_003,598
2024-02-09 15:00:00,INT_003,337
2024-02-09 16:00:00,INT_003,293
2024-02-09 17:00:00,INT_003,979
2024-02-09 18:00:00,INT_003,970
2024-02-09 19:00:00,INT_003,938
2024-02-09 20:00:00,INT_003,351
2024-02-09 21:00:00,INT_003,347
2024-02-09 22:00:00,INT_003,146
2024-02-09 23:00:00,INT_003,88
2024-02-10 00:00:00,INT_003,48
2024-02-10 01:00:00,INT_003,39
2024-02-10 02:00:00,INT_003,73
2024-02-10 03:00:00,INT_003,88
2024-02-10 04:00:00,INT_003,80
2024-02-10 05:00:00,INT_003,81
2024-02-10 06:00:00,INT_003,286
2024-02-10 07:00:00,INT_003,739
2024-02-10 08:00:00,INT_003,681
2024-02-10 09:00:00,INT_003,675
2024-02-10 10:00:00,INT_003,273
2024-02-10 11:00:00,INT_003,305
2024-02-10 12:00:00,INT_003,460
2024-02-10 13:00:00,INT_003,508
2024-02-10 14:00:00,INT_003,518
2024-02-10 15:00:00,INT_003,271
2024-02-10 16:00:00,INT_003,281
2024-02-10 17:00:00,INT_003,758
2024-02-10 18:00:00,INT_003,772
2024-02-10 19:00:00,INT_003,775
2024-02-10 20:00:00,INT_003,291
2024-02-10 21:00:00,INT_003,266
2024-02-10 22:00:00,INT_003,66
2024-02-10 23:00:00,INT_003,84
2024-02-11 00:00:00,INT_003,66
2024-02-11 01:00:00,INT_003,77
2024-02-11 02:00:00,INT_003,97
2024-02-11 03:00:00,INT_003,24
2024-02-11 04:00:00,INT_003,91
2024-02-11 05:00:00,INT_003,99
2024-02-11 06:00:00,INT_003,267
2024-02-11 07:00:00,INT_003,665
2024-02-11 08:00:00,INT_003,666
2024-02-11 09:00:00,INT_003,635
2024-02-11 10:00:00,INT_003,277
2024-02-11 11:00:00,INT_003,290
2024-02-11 12:00:00,INT_003,505
2024-02-11 13:00:00,INT_003,471
2024-02-11 14:00:00,INT_003,474
2024-02-11 15:00:00,INT_003,306
2024-02-11 16:00:00,INT_003,285
2024-02-11 17:00:00,INT_003,759
2024-02-11 18:00:00,INT_003,805
2024-02-11 19:00:00,INT_003,738
2024-02-11 20:00:00,INT_003,252
2024-02-11 21:00:00,INT_003,278
2024-02-11 22:00:00,INT_003,96
2024-02-11 23:00:00,INT_003,87
2024-02-12 00:00:00,INT_003,96
2024-02-12 01:00:00,INT_003,103
2024-02-12 02:00:00,INT_003,86
2024-02-12 03:00:00,INT_003,92
2024-02-12 04:00:00,INT_003,135
2024-02-12 05:00:00,INT_003,77
2024-02-12 06:00:00,INT_003,351
2024-02-12 07:00:00,INT_003,879
2024-02-12 08:00:00,INT_003,858
2024-02-12 09:00:00,INT_003,856
2024-02-12 10:00:00,INT_003,346
2024-02-12 11:00:00,INT_003,327
2024-02-12 12:00:00,INT_003,613
2024-02-12 13:00:00,INT_003,594
2024-02-12 14:00:00,INT_003,654
2024-02-12 15:00:00,INT_003,350
2024-02-12 16:00:00,INT_003,370
2024-02-12 17:00:00,INT_003,979
2024-02-12 18:00:00,INT_003,965
2024-02-12 19:00:00,INT_003,984
2024-02-12 20:00:00,INT_003,347
2024-02-12 21:00:00,INT_003,352
2024-02-12 22:00:00,INT_003,100
2024-02-12 23:00:00,INT_003,84
2024-02-13 00:00:00,INT_003,143
2024-02-13 01:00:00,INT_003,132
2024-02-13 02:00:00,INT_003,92
2024-02-13 03:00:00,INT_003,139
2024-02-13 04:00:00,INT_003,98
2024-02-13 05:00:00,INT_003,80
2024-02-13 06:00:00,INT_003,327
2024-02-13 07:00:00,INT_003,828
2024-02-13 08:00:00,INT_003,861
2024-02-13 09:00:00,INT_003,858
2024-02-13 10:00:00,INT_003,357
2024-02-13 11:00:00,INT_003,348
2024-02-13 12:00:00,INT_003,632
2024-02-13 13:00:00,INT_003,608
2024-02-13 14:00:00,INT_003,640
2024-02-13 15:00:00,INT_003,369
2024-02-13 16:00:00,INT_003,352
2024-02-13 17:00:00,INT_003,998
2024-02-13 18:00:00,INT_003,987
2024-02-13 19:00:00,INT_003,949
2024-02-13 20:00:00,INT_003,367
2024-02-13 21:00:00,INT_003,354
2024-02-13 22:00:00,INT_003,133
2024-02-13 23:00:00,INT_003,94
2024-02-14 00:00:00,INT_003,90
2024-02-14 01:00:00,INT_003,97
2024-02-14 02:00:00,INT_003,84
2024-02-14 03:00:00,INT_003,87
2024-02-14 04:00:00,INT_003,108
2024-02-14 05:00:00,INT_003,114
2024-02-14 06:00:00,INT_003,347
2024-02-14 07:00:00,INT_003,852
2024-02-14 08:00:00,INT_003,853
2024-02-14 09:00:00,INT_003,840
2024-02-14 10:00:00,INT_003,338
2024-02-14 11:00:00,INT_003,360
2024-02-14 12:00:00,INT_003,642
2024-02-14 13:00:00,INT_003,645
2024-02-14 14:00:00,INT_003,632
2024-02-14 15:00:00,INT_003,329
2024-02-14 16:00:00,INT_003,336
2024-02-14 17:00:00,INT_003,974
2024-02-14 18:00:00,INT_003,983
2024-02-14 19:00:00,INT_003,986
2024-02-14 20:00:00,INT_003,344
2024-02-14 21:00:00,INT_003,361
2024-02-14 22:00:00,INT_003,111
2024-02-14 23:00:00,INT_003,104
2024-02-15 00:00:00,INT_003,115
2024-02-15 01:00:00,INT_003,92
2024-02-15 02:00:00,INT_003,106
2024-02-15 03:00:00,INT_003,99
2024-02-15 04:00:00,INT_003,106
2024-02-15 05:00:00,INT_003,110
2024-02-15 06:00:00,INT_003,344
2024-02-15 07:00:00,INT_003,883
2024-02-15 08:00:00,INT_003,878
2024-02-15 09:00:00,INT_003,886
2024-02-15 10:00:00,INT_003,354
2024-02-15 11:00:00,INT_003,317
2024-02-15 12:00:00,INT_003,630
2024-02-15 13:00:00,INT_003,624
2024-02-15 14:00:00,INT_003,638
2024-02-15 15:00:00,INT_003,332
2024-02-15 16:00:00,INT_003,333
2024-02-15 17:00:00,INT_003,959
2024-02-15 18:00:00,INT_003,973
2024-02-15 19:00:00,INT_003,979
2024-02-15 20:00:00,INT_003,372
2024-02-15 21:00:00,INT_003,329
2024-02-15 22:00:00,INT_003,147
2024-02-15 23:00:00,INT_003,96
2024-02-16 00:00:00,INT_003,54
2024-02-16 01:00:00,INT_003,112
2024-02-16 02:00:00,INT_003,135
2024-02-16 03:00:00,INT_003,98
2024-02-16 04:00:00,INT_003,75
2024-02-16 05:00:00,INT_003,94
2024-02-16 06:00:00,INT_003,349
2024-02-16 07:00:00,INT_003,873
2024-02-16 08:00:00,INT_003,862
2024-02-16 09:00:00,INT_003,883
2024-02-16 10:00:00,INT_003,329
2024-02-16 11:00:00,INT_003,323
2024-02-16 12:00:00,INT_003,620
2024-02-16 13:00:00,INT_003,652
2024-02-16 14:00:00,INT_003,628
2024-02-16 15:00:00,INT_003,368
2024-02-16 16:00:00,INT_003,329
2024-02-16 17:00:00,INT_003,987
2024-02-16 18:00:00,INT_003,933
2024-02-16 19:00:00,INT_003,955
2024-02-16 20:00:00,INT_003,326
2024-02-16 21:00:00,INT_003,357
2024-02-16 22:00:00,INT_003,101
2024-02-16 23:00:00,INT_003,106
2024-02-17 00:00:00,INT_003,85
2024-02-17 01:00:00,INT_003,77
2024-02-17 02:00:00,INT_003,91
2024-02-17 03:00:00,INT_003,108
2024-02-17 04:00:00,INT_003,104
2024-02-17 05:00:00,INT_003,73
2024-02-17 06:00:00,INT_003,275
2024-02-17 07:00:00,INT_003,696
2024-02-17 08:00:00,INT_003,702
2024-02-17 09:00:00,INT_003,727
2024-02-17 10:00:00,INT_003,277
2024-02-17 11:00:00,INT_003,279
2024-02-17 12:00:00,INT_003,493
2024-02-17 13:00:00,INT_003,500
2024-02-17 14:00:00,INT_003,522
2024-02-17 15:00:00,INT_003,260
2024-02-17 16:00:00,INT_003,225
2024-02-17 17:00:00,INT_003,770
2024-02-17 18:00:00,INT_003,761
2024-02-17 19:00:00,INT_003,739
2024-02-17 20:00:00,INT_003,260
2024-02-17 21:00:00,INT_003,287
2024-02-17 22:00:00,INT_003,96
2024-02-17 23:00:00,INT_003,70
2024-02-18 00:00:00,INT_003,96
2024-02-18 01:00:00,INT_003,106
2024-02-18 02:00:00,INT_003,59
2024-02-18 03:00:00,INT_003,95
2024-02-18 04:00:00,INT_003,58
2024-02-18 05:00:00,INT_003,70
2024-02-18 06:00:00,INT_003,249
2024-02-18 07:00:00,INT_003,703
2024-02-18 08:00:00,INT_003,674
2024-02-18 09:00:00,INT_003,688
2024-02-18 10:00:00,INT_003,254
2024-02-18 11:00:00,INT_003,270
2024-02-18 12:00:00,INT_003,529
2024-02-18 13:00:00,INT_003,544
2024-02-18 14:00:00,INT_003,488
2024-02-18 15:00:00,INT_003,301
2024-02-18 16:00:00,INT_003,294
2024-02-18 17:00:00,INT_003,768
2024-02-18 18:00:00,INT_003,799
2024-02-18 19:00:00,INT_003,756
2024-02-18 20:00:00,INT_003,305
2024-02-18 21:00:00,INT_003,247
2024-02-18 22:00:00,INT_003,61
2024-02-18 23:00:00,INT_003,90
2024-02-19 00:00:00,INT_003,79
2024-02-19 01:00:00,INT_003,99
2024-02-19 02:00:00,INT_003,105
2024-02-19 03:00:00,INT_003,57
2024-02-19 04:00:00,INT_003,75
2024-02-19 05:00:00,INT_003,75
2024-02-19 06:00:00,INT_003,355
2024-02-19 07:00:00,INT_003,890
2024-02-19 08:00:00,INT_003,886
2024-02-19 09:00:00,INT_003,847
2024-02-19 10:00:00,INT_003,327
2024-02-19 11:00:00,INT_003,347
2024-02-19 12:00:00,INT_003,615
2024-02-19 13:00:00,INT_003,622
2024-02-19 14:00:00,INT_003,641
2024-02-19 15:00:00,INT_003,398
2024-02-19 16:00:00,INT_003,358
2024-02-19 17:00:00,INT_003,954
2024-02-19 18:00:00,INT_003,991
2024-02-19 19:00:00,INT_003,991
2024-02-19 20:00:00,INT_003,344
2024-02-19 21:00:00,INT_003,365
2024-02-19 22:00:00,INT_003,113
2024-02-19 23:00:00,INT_003,97
2024-02-20 00:00:00,INT_003,110
2024-02-20 01:00:00,INT_003,108
2024-02-20 02:00:00,INT_003,79
2024-02-20 03:00:00,INT_003,128
2024-02-20 04:00:00,INT_003,106
2024-02-20 05:00:00,INT_003,93
2024-02-20 06:00:00,INT_003,341
2024-02-20 07:00:00,INT_003,881
2024-02-20 08:00:00,INT_003,849
2024-02-20 09:00:00,INT_003,913
2024-02-20 10:00:00,INT_003,351
2024-02-20 11:00:00,INT_003,309
2024-02-20 12:00:00,INT_003,640
2024-02-20 13:00:00,INT_003,637
2024-02-20 14:00:00,INT_003,631
2024-02-20 15:00:00,INT_003,373
2024-02-20 16:00:00,INT_003,324
2024-02-20 17:00:00,INT_003,968
2024-02-20 18:00:00,INT_003,1011
2024-02-20 19:00:00,INT_003,960
2024-02-20 20:00:00,INT_003,370
2024-02-20 21:00:00,INT_003,352
2024-02-20 22:00:00,INT_003,75
2024-02-20 23:00:00,INT_003,98
2024-02-21 00:00:00,INT_003,106
2024-02-21 01:00:00,INT_003,103
2024-02-21 02:00:00,INT_003,82
2024-02-21 03:00:00,INT_003,128
2024-02-21 04:00:00,INT_003,94
2024-02-21 05:00:00,INT_003,121
2024-02-21 06:00:00,INT_003,345
2024-02-21 07:00:00,INT_003,856
2024-02-21 08:00:00,INT_003,850
2024-02-21 09:00:00,INT_003,900
2024-02-21 10:00:00,INT_003,332
2024-02-21 11:00:00,INT_003,372
2024-02-21 12:00:00,INT_003,590
2024-02-21 13:00:00,INT_003,633
2024-02-21 14:00:00,INT_003,636
2024-02-21 15:00:00,INT_003,325
2024-02-21 16:00:00,INT_003,299
2024-02-21 17:00:00,INT_003,965
2024-02-21 18:00:00,INT_003,993
2024-02-21 19:00:00,INT_003,985
2024-02-21 20:00:00,INT_003,336
2024-02-21 21:00:00,INT_003,356
2024-02-21 22:00:00,INT_003,94
2024-02-21 23:00:00,INT_003,121
2024-02-22 00:00:00,INT_003,118
2024-02-22 01:00:00,INT_003,82
2024-02-22 02:00:00,INT_003,96
2024-02-22 03:00:00,INT_003,127
2024-02-22 04:00:00,INT_003,111
2024-02-22 05:00:00,INT_003,114
2024-02-22 06:00:00,INT_003,385
2024-02-22 07:00:00,INT_003,843
2024-02-22 08:00:00,INT_003,883
2024-02-22 09:00:00,INT_003,873
2024-02-22 10:00:00,INT_003,378
2024-02-22 11:00:00,INT_003,329
2024-02-22 12:00:00,INT_003,610
2024-02-22 13:00:00,INT_003,656
2024-02-22 14:00:00,INT_003,645
2024-02-22 15:00:00,INT_003,343
2024-02-22 16:00:00,INT_003,368
2024-02-22 17:00:00,INT_003,1004
2024-02-22 18:00:00,INT_003,991
2024-02-22 19:00:00,INT_003,958
2024-02-22 20:00:00,INT_003,343
2024-02-22 21:00:00,INT_003,375
2024-02-22 22:00:00,INT_003,123
2024-02-22 23:00:00,INT_003,123
2024-02-23 00:00:00,INT_003,95
2024-02-23 01:00:00,INT_003,93
2024-02-23 02:00:00,INT_003,108
2024-02-23 03:00:00,INT_003,81
2024-02-23 04:00:00,INT_003,148
2024-02-23 05:00:00,INT_003,120
2024-02-23 06:00:00,INT_003,354
2024-02-23 07:00:00,INT_003,866
2024-02-23 08:00:00,INT_003,864
2024-02-23 09:00:00,INT_003,835
2024-02-23 10:00:00,INT_003,362
2024-02-23 11:00:00,INT_003,357
2024-02-23 12:00:00,INT_003,625
2024-02-23 13:00:00,INT_003,649
2024-02-23 14:00:00,INT_003,624
2024-02-23 15:00:00,INT_003,358
2024-02-23 16:00:00,INT_003,368
2024-02-23 17:00:00,INT_003,938
2024-02-23 18:00:00,INT_003,999
2024-02-23 19:00:00,INT_003,997
2024-02-23 20:00:00,INT_003,328
2024-02-23 21:00:00,INT_003,363
2024-02-23 22:00:00,INT_003,126
2024-02-23 23:00:00,INT_003,111
2024-02-24 00:00:00,INT_003,75
2024-02-24 01:00:00,INT_003,108
2024-02-24 02:00:00,INT_003,127
2024-02-24 03:00:00,INT_003,68
2024-02-24 04:00:00,INT_003,108
2024-02-24 05:00:00,INT_003,73
2024-02-24 06:00:00,INT_003,270
2024-02-24 07:00:00,INT_003,705
2024-02-24 08:00:00,INT_003,738
2024-02-24 09:00:00,INT_003,713
2024-02-24 10:00:00,INT_003,273
2024-02-24 11:00:00,INT_003,269
2024-02-24 12:00:00,INT_003,496
2024-02-24 13:00:00,INT_003,489
2024-02-24 14:00:00,INT_003,499
2024-02-24 15:00:00,INT_003,288
2024-02-24 16:00:00,INT_003,257
2024-02-24 17:00:00,INT_003,730
2024-02-24 18:00:00,INT_003,799
2024-02-24 19:00:00,INT_003,767
2024-02-24 20:00:00,INT_003,248
2024-02-24 21:00:00,INT_003,301
2024-02-24 22:00:00,INT_003,49
2024-02-24 23:00:00,INT_003,121
2024-02-25 00:00:00,INT_003,86
2024-02-25 01:00:00,INT_003,80
2024-02-25 02:00:00,INT_003,78
2024-02-25 03:00:00,INT_003,38
2024-02-25 04:00:00,INT_003,84
2024-02-25 05:00:00,INT_003,86
2024-02-25 06:00:00,INT_003,238
2024-02-25 07:00:00,INT_003,701
2024-02-25 08:00:00,INT_003,698
2024-02-25 09:00:00,INT_003,661
2024-02-25 10:00:00,INT_003,270
2024-02-25 11:00:00,INT_003,307
2024-02-25 12:00:00,INT_003,504
2024-02-25 13:00:00,INT_003,508
2024-02-25 14:00:00,INT_003,479
2024-02-25 15:00:00,INT_003,300
2024-02-25 16:00:00,INT_003,267
2024-02-25 17:00:00,INT_003,745
2024-02-25 18:00:00,INT_003,768
2024-02-25 19:00:00,INT_003,759
2024-02-25 20:00:00,INT_003,271
2024-02-25 21:00:00,INT_003,273
2024-02-25 22:00:00,INT_003,110
2024-02-25 23:00:00,INT_003,78
2024-02-26 00:00:00,INT_003,96
2024-02-26 01:00:00,INT_003,114
2024-02-26 02:00:00,INT_003,90
2024-02-26 03:00:00,INT_003,85
2024-02-26 04:00:00,INT_003,70
2024-02-26 05:00:00,INT_003,132
2024-02-26 06:00:00,INT_003,345
2024-02-26 07:00:00,INT_003,873
2024-02-26 08:00:00,INT_003,905
2024-02-26 09:00:00,INT_003,885
2024-02-26 10:00:00,INT_003,328
2024-02-26 11:00:00,INT_003,392
2024-02-26 12:00:00,INT_003,621
2024-02-26 13:00:00,INT_003,645
2024-02-26 14:00:00,INT_003,649
2024-02-26 15:00:00,INT_003,331
2024-02-26 16:00:00,INT_003,357
2024-02-26 17:00:00,INT_003,981
2024-02-26 18:00:00,INT_003,988
2024-02-26 19:00:00,INT_003,972
2024-02-26 20:00:00,INT_003,361
2024-02-26 21:00:00,INT_003,369
2024-02-26 22:00:00,INT_003,85
2024-02-26 23:00:00,INT_003,96
2024-02-27 00:00:00,INT_003,63
2024-02-27 01:00:00,INT_003,99
2024-02-27 02:00:00,INT_003,136
2024-02-27 03:00:00,INT_003,73
2024-02-27 04:00:00,INT_003,111
2024-02-27 05:00:00,INT_003,96
2024-02-27 06:00:00,INT_003,342
2024-02-27 07:00:00,INT_003,868
2024-02-27 08:00:00,INT_003,888
2024-02-27 09:00:00,INT_003,857
2024-02-27 10:00:00,INT_003,379
2024-02-27 11:00:00,INT_003,359
2024-02-27 12:00:00,INT_003,632
2024-02-27 13:00:00,INT_003,590
2024-02-27 14:00:00,INT_003,588
2024-02-27 15:00:00,INT_003,322
2024-02-27 16:00:00,INT_003,385
2024-02-27 17:00:00,INT_003,963
2024-02-27 18:00:00,INT_003,1008
2024-02-27 19:00:00,INT_003,973
2024-02-27 20:00:00,INT_003,342
2024-02-27 21:00:00,INT_003,375
2024-02-27 22:00:00,INT_003,129
2024-02-27 23:00:00,INT_003,105
2024-02-28 00:00:00,INT_003,96
2024-02-28 01:00:00,INT_003,90
2024-02-28 02:00:00,INT_003,109
2024-02-28 03:00:00,INT_003,72
2024-02-28 04:00:00,INT_003,121
2024-02-28 05:00:00,INT_003,123
2024-02-28 06:00:00,INT_003,397
2024-02-28 07:00:00,INT_003,871
2024-02-28 08:00:00,INT_003,870
2024-02-28 09:00:00,INT_003,865
2024-02-28 10:00:00,INT_003,379
2024-02-28 11:00:00,INT_003,360
2024-02-28 12:00:00,INT_003,616
2024-02-28 13:00:00,INT_003,635
2024-02-28 14:00:00,INT_003,612
2024-02-28 15:00:00,INT_003,355
2024-02-28 16:00:00,INT_003,366
2024-02-28 17:00:00,INT_003,944
2024-02-28 18:00:00,INT_003,957
2024-02-28 19:00:00,INT_003,974
2024-02-28 20:00:00,INT_003,324
2024-02-28 21:00:00,INT_003,379
2024-02-28 22:00:00,INT_003,121
2024-02-28 23:00:00,INT_003,119
2024-02-29 00:00:00,INT_003,82
2024-02-29 01:00:00,INT_003,78
2024-02-29 02:00:00,INT_003,133
2024-02-29 03:00:00,INT_003,145
2024-02-29 04:00:00,INT_003,91
2024-02-29 05:00:00,INT_003,107
2024-02-29 06:00:00,INT_003,356
2024-02-29 07:00:00,INT_003,904
2024-02-29 08:00:00,INT_003,889
2024-02-29 09:00:00,INT_003,868
2024-02-29 10:00:00,INT_003,368
2024-02-29 11:00:00,INT_003,324
2024-02-29 12:00:00,INT_003,653
2024-02-29 13:00:00,INT_003,611
2024-02-29 14:00:00,INT_003,647
2024-02-29 15:00:00,INT_003,359
2024-02-29 16:00:00,INT_003,370
2024-02-29 17:00:00,INT_003,954
2024-02-29 18:00:00,INT_003,983
2024-02-29 19:00:00,INT_003,957
2024-02-29 20:00:00,INT_003,351
2024-02-29 21:00:00,INT_003,364
2024-02-29 22:00:00,INT_003,64
2024-02-29 23:00:00,INT_003,67
2024-01-01 00:00:00,INT_004,117
2024-01-01 01:00:00,INT_004,116
2024-01-01 02:00:00,INT_004,108
2024-01-01 03:00:00,INT_004,99
2024-01-01 04:00:00,INT_004,163
2024-01-01 05:00:00,INT_004,113
2024-01-01 06:00:00,INT_004,379
2024-01-01 07:00:00,INT_004,987
2024-01-01 08:00:00,INT_004,1008
2024-01-01 09:00:00,INT_004,996
2024-01-01 10:00:00,INT_004,401
2024-01-01 11:00:00,INT_004,392
2024-01-01 12:00:00,INT_004,712
2024-01-01 13:00:00,INT_004,729
2024-01-01 14:00:00,INT_004,762
2024-01-01 15:00:00,INT_004,401
2024-01-01 16:00:00,INT_004,391
2024-01-01 17:00:00,INT_004,1120
2024-01-01 18:00:00,INT_004,1081
2024-01-01 19:00:00,INT_004,1110
2024-01-01 20:00:00,INT_004,440
2024-01-01 21:00:00,INT_004,402
2024-01-01 22:00:00,INT_004,143
2024-01-01 23:00:00,INT_004,132
2024-01-02 00:00:00,INT_004,126
2024-01-02 01:00:00,INT_004,146
2024-01-02 02:00:00,INT_004,95
2024-01-02 03:00:00,INT_004,92
2024-01-02 04:00:00,INT_004,113
2024-01-02 05:00:00,INT_004,128
2024-01-02 06:00:00,INT_004,419
2024-01-02 07:00:00,INT_004,1013
2024-01-02 08:00:00,INT_004,978
2024-01-02 09:00:00,INT_004,1014
2024-01-02 10:00:00,INT_004,405
2024-01-02 11:00:00,INT_004,396
2024-01-02 12:00:00,INT_004,718
2024-01-02 13:00:00,INT_004,718
2024-01-02 14:00:00,INT_004,726
2024-01-02 15:00:00,INT_004,411
2024-01-02 16:00:00,INT_004,420
2024-01-02 17:00:00,INT_004,1129
2024-01-02 18:00:00,INT_004,1115
2024-01-02 19:00:00,INT_004,1125
2024-01-02 20:00:00,INT_004,396
2024-01-02 21:00:00,INT_004,372
2024-01-02 22:00:00,INT_004,107
2024-01-02 23:00:00,INT_004,120
2024-01-03 00:00:00,INT_004,105
2024-01-03 01:00:00,INT_004,152
2024-01-03 02:00:00,INT_004,135
2024-01-03 03:00:00,INT_004,101
2024-01-03 04:00:00,INT_004,124
2024-01-03 05:00:00,INT_004,96
2024-01-03 06:00:00,INT_004,374
2024-01-03 07:00:00,INT_004,992
2024-01-03 08:00:00,INT_004,1021
2024-01-03 09:00:00,INT_004,1012
2024-01-03 10:00:00,INT_004,397
2024-01-03 11:00:00,INT_004,377
2024-01-03 12:00:00,INT_004,744
2024-01-03 13:00:00,INT_004,734
2024-01-03 14:00:00,INT_004,726
2024-01-03 15:00:00,INT_004,388
2024-01-03 16:00:00,INT_004,362
2024-01-03 17:00:00,INT_004,1108
2024-01-03 18:00:00,INT_004,1095
2024-01-03 19:00:00,INT_004,1179
2024-01-03 20:00:00,INT_004,390
2024-01-03 21:00:00,INT_004,397
2024-01-03 22:00:00,INT_004,107
2024-01-03 23:00:00,INT_004,130
2024-01-04 00:00:00,INT_004,134
2024-01-04 01:00:00,INT_004,113
2024-01-04 02:00:00,INT_004,147
2024-01-04 03:00:00,INT_004,128
2024-01-04 04:00:00,INT_004,115
2024-01-04 05:00:00,INT_004,125
2024-01-04 06:00:00,INT_004,419
2024-01-04 07:00:00,INT_004,1036
2024-01-04 08:00:00,INT_004,1015
2024-01-04 09:00:00,INT_004,969
2024-01-04 10:00:00,INT_004,407
2024-01-04 11:00:00,INT_004,436
2024-01-04 12:00:00,INT_004,731
2024-01-04 13:00:00,INT_004,721
2024-01-04 14:00:00,INT_004,666
2024-01-04 15:00:00,INT_004,402
2024-01-04 16:00:00,INT_004,406
2024-01-04 17:00:00,INT_004,1117
2024-01-04 18:00:00,INT_004,1097
2024-01-04 19:00:00,INT_004,1134
2024-01-04 20:00:00,INT_004,405
2024-01-04 21:00:00,INT_004,373
2024-01-04 22:00:00,INT_004,108
2024-01-04 23:00:00,INT_004,116
2024-01-05 00:00:00,INT_004,100
2024-01-05 01:00:00,INT_004,126
2024-01-05 02:00:00,INT_004,131
2024-01-05 03:00:00,INT_004,112
2024-01-05 04:00:00,INT_004,103
2024-01-05 05:00:00,INT_004,140
2024-01-05 06:00:00,INT_004,396
2024-01-05 07:00:00,INT_004,995
2024-01-05 08:00:00,INT_004,1021
2024-01-05 09:00:00,INT_004,996
2024-01-05 10:00:00,INT_004,396
2024-01-05 11:00:00,INT_004,378
2024-01-05 12:00:00,INT_004,715
2024-01-05 13:00:00,INT_004,697
2024-01-05 14:00:00,INT_004,718
2024-01-05 15:00:00,INT_004,376
2024-01-05 16:00:00,INT_004,401
2024-01-05 17:00:00,INT_004,1152
2024-01-05 18:00:00,INT_004,1143
2024-01-05 19:00:00,INT_004,1127
2024-01-05 20:00:00,INT_004,394
2024-01-05 21:00:00,INT_004,355
2024-01-05 22:00:00,INT_004,97
2024-01-05 23:00:00,INT_004,118
2024-01-06 00:00:00,INT_004,95
2024-01-06 01:00:00,INT_004,130
2024-01-06 02:00:00,INT_004,124
2024-01-06 03:00:00,INT_004,102
2024-01-06 04:00:00,INT_004,61
2024-01-06 05:00:00,INT_004,105
2024-01-06 06:00:00,INT_004,342
2024-01-06 07:00:00,INT_004,817
2024-01-06 08:00:00,INT_004,808
2024-01-06 09:00:00,INT_004,802
2024-01-06 10:00:00,INT_004,306
2024-01-06 11:00:00,INT_004,337
2024-01-06 12:00:00,INT_004,564
2024-01-06 13:00:00,INT_004,574
2024-01-06 14:00:00,INT_004,572
2024-01-06 15:00:00,INT_004,307
2024-01-06 16:00:00,INT_004,327
2024-01-06 17:00:00,INT_004,880
2024-01-06 18:00:00,INT_004,880
2024-01-06 19:00:00,INT_004,897
2024-01-06 20:00:00,INT_004,335
2024-01-06 21:00:00,INT_004,310
2024-01-06 22:00:00,INT_004,92
2024-01-06 23:00:00,INT_004,97
2024-01-07 00:00:00,INT_004,95
2024-01-07 01:00:00,INT_004,67
2024-01-07 02:00:00,INT_004,84
2024-01-07 03:00:00,INT_004,87
2024-01-07 04:00:00,INT_004,85
2024-01-07 05:00:00,INT_004,79
2024-01-07 06:00:00,INT_004,332
2024-01-07 07:00:00,INT_004,798
2024-01-07 08:00:00,INT_004,801
2024-01-07 09:00:00,INT_004,836
2024-01-07 10:00:00,INT_004,289
2024-01-07 11:00:00,INT_004,312
2024-01-07 12:00:00,INT_004,601
2024-01-07 13:00:00,INT_004,601
2024-01-07 14:00:00,INT_004,542
2024-01-07 15:00:00,INT_004,306
2024-01-07 16:00:00,INT_004,325
2024-01-07 17:00:00,INT_004,856
2024-01-07 18:00:00,INT_004,910
2024-01-07 19:00:00,INT_004,867
2024-01-07 20:00:00,INT_004,330
2024-01-07 21:00:00,INT_004,327
2024-01-07 22:00:00,INT_004,68
2024-01-07 23:00:00,INT_004,76
2024-01-08 00:00:00,INT_004,101
2024-01-08 01:00:00,INT_004,99
2024-01-08 02:00:00,INT_004,138
2024-01-08 03:00:00,INT_004,134
2024-01-08 04:00:00,INT_004,112
2024-01-08 05:00:00,INT_004,133
2024-01-08 06:00:00,INT_004,425
2024-01-08 07:00:00,INT_004,1018
2024-01-08 08:00:00,INT_004,997
2024-01-08 09:00:00,INT_004,1014
2024-01-08 10:00:00,INT_004,404
2024-01-08 11:00:00,INT_004,399
2024-01-08 12:00:00,INT_004,709
2024-01-08 13:00:00,INT_004,713
2024-01-08 14:00:00,INT_004,693
2024-01-08 15:00:00,INT_004,436
2024-01-08 16:00:00,INT_004,341
2024-01-08 17:00:00,INT_004,1134
2024-01-08 18:00:00,INT_004,1128
2024-01-08 19:00:00,INT_004,1156
2024-01-08 20:00:00,INT_004,439
2024-01-08 21:00:00,INT_004,395
2024-01-08 22:00:00,INT_004,119
2024-01-08 23:00:00,INT_004,159
2024-01-09 00:00:00,INT_004,93
2024-01-09 01:00:00,INT_004,74
2024-01-09 02:00:00,INT_004,127
2024-01-09 03:00:00,INT_004,131
2024-01-09 04:00:00,INT_004,122
2024-01-09 05:00:00,INT_004,116
2024-01-09 06:00:00,INT_004,400
2024-01-09 07:00:00,INT_004,961
2024-01-09 08:00:00,INT_004,979
2024-01-09 09:00:00,INT_004,995
2024-01-09 10:00:00,INT_004,377
2024-01-09 11:00:00,INT_004,381
2024-01-09 12:00:00,INT_004,766
2024-01-09 13:00:00,INT_004,707
2024-01-09 14:00:00,INT_004,726
2024-01-09 15:00:00,INT_004,415
2024-01-09 16:00:00,INT_004,396
2024-01-09 17:00:00,INT_004,1131
2024-01-09 18:00:00,INT_004,1107
2024-01-09 19:00:00,INT_004,1129
2024-01-09 20:00:00,INT_004,364
2024-01-09 21:00:00,INT_004,401
2024-01-09 22:00:00,INT_004,144
2024-01-09 23:00:00,INT_004,132
2024-01-10 00:00:00,INT_004,111
2024-01-10 01:00:00,INT_004,104
2024-01-10 02:00:00,INT_004,121
2024-01-10 03:00:00,INT_004,123
2024-01-10 04:00:00,INT_004,146
2024-01-10 05:00:00,INT_004,155
2024-01-10 06:00:00,INT_004,370
2024-01-10 07:00:00,INT_004,999
2024-01-10 08:00:00,INT_004,986
2024-01-10 09:00:00,INT_004,1030
2024-01-10 10:00:00,INT_004,396
2024-01-10 11:00:00,INT_004,414
2024-01-10 12:00:00,INT_004,709
2024-01-10 13:00:00,INT_004,718
2024-01-10 14:00:00,INT_004,705
2024-01-10 15:00:00,INT_004,415
2024-01-10 16:00:00,INT_004,393
2024-01-10 17:00:00,INT_004,1144
2024-01-10 18:00:00,INT_004,1141
2024-01-10 19:00:00,INT_004,1124
2024-01-10 20:00:00,INT_004,435
2024-01-10 21:00:00,INT_004,372
2024-01-10 22:00:00,INT_004,91
2024-01-10 23:00:00,INT_004,115
2024-01-11 00:00:00,INT_004,106
2024-01-11 01:00:00,INT_004,121
2024-01-11 02:00:00,INT_004,106
2024-01-11 03:00:00,INT_004,108
2024-01-11 04:00:00,INT_004,133
2024-01-11 05:00:00,INT_004,117
2024-01-11 06:00:00,INT_004,372
2024-01-11 07:00:00,INT_004,1033
2024-01-11 08:00:00,INT_004,978
2024-01-11 09:00:00,INT_004,995
2024-01-11 10:00:00,INT_004,368
2024-01-11 11:00:00,INT_004,412
2024-01-11 12:00:00,INT_004,721
2024-01-11 13:00:00,INT_004,740
2024-01-11 14:00:00,INT_004,724
2024-01-11 15:00:00,INT_004,387
2024-01-11 16:00:00,INT_004,382
2024-01-11 17:00:00,INT_004,1116
2024-01-11 18:00:00,INT_004,1111
2024-01-11 19:00:00,INT_004,1096
2024-01-11 20:00:00,INT_004,408
2024-01-11 21:00:00,INT_004,430
2024-01-11 22:00:00,INT_004,135
2024-01-11 23:00:00,INT_004,114
2024-01-12 00:00:00,INT_004,107
2024-01-12 01:00:00,INT_004,134
2024-01-12 02:00:00,INT_004,118
2024-01-12 03:00:00,INT_004,127
2024-01-12 04:00:00,INT_004,111
2024-01-12 05:00:00,INT_004,145
2024-01-12 06:00:00,INT_004,438
2024-01-12 07:00:00,INT_004,1006
2024-01-12 08:00:00,INT_004,998
2024-01-12 09:00:00,INT_004,1015
2024-01-12 10:00:00,INT_004,428
2024-01-12 11:00:00,INT_004,390
2024-01-12 12:00:00,INT_004,706
2024-01-12 13:00:00,INT_004,714
2024-01-12 14:00:00,INT_004,755
2024-01-12 15:00:00,INT_004,383
2024-01-12 16:00:00,INT_004,408
2024-01-12 17:00:00,INT_004,1129
2024-01-12 18:00:00,INT_004,1128
2024-01-12 19:00:00,INT_004,1155
2024-01-12 20:00:00,INT_004,397
2024-01-12 21:00:00,INT_004,415
2024-01-12 22:00:00,INT_004,149
2024-01-12 23:00:00,INT_004,121
2024-01-13 00:00:00,INT_004,82
2024-01-13 01:00:00,INT_004,98
2024-01-13 02:00:00,INT_004,87
2024-01-13 03:00:00,INT_004,72
2024-01-13 04:00:00,INT_004,135
2024-01-13 05:00:00,INT_004,80
2024-01-13 06:00:00,INT_004,298
2024-01-13 07:00:00,INT_004,787
2024-01-13 08:00:00,INT_004,784
2024-01-13 09:00:00,INT_004,790
2024-01-13 10:00:00,INT_004,322
2024-01-13 11:00:00,INT_004,291
2024-01-13 12:00:00,INT_004,589
2024-01-13 13:00:00,INT_004,571
2024-01-13 14:00:00,INT_004,588
2024-01-13 15:00:00,INT_004,301
2024-01-13 16:00:00,INT_004,323
2024-01-13 17:00:00,INT_004,896
2024-01-13 18:00:00,INT_004,872
2024-01-13 19:00:00,INT_004,879
2024-01-13 20:00:00,INT_004,305
2024-01-13 21:00:00,INT_004,295
2024-01-13 22:00:00,INT_004,137
2024-01-13 23:00:00,INT_004,104
2024-01-14 00:00:00,INT_004,98
2024-01-14 01:00:00,INT_004,92
2024-01-14 02:00:00,INT_004,127
2024-01-14 03:00:00,INT_004,116
2024-01-14 04:00:00,INT_004,35
2024-01-14 05:00:00,INT_004,81
2024-01-14 06:00:00,INT_004,288
2024-01-14 07:00:00,INT_004,850
2024-01-14 08:00:00,INT_004,824
2024-01-14 09:00:00,INT_004,787
2024-01-14 10:00:00,INT_004,345
2024-01-14 11:00:00,INT_004,352
2024-01-14 12:00:00,INT_004,561
2024-01-14 13:00:00,INT_004,591
2024-01-14 14:00:00,INT_004,585
2024-01-14 15:00:00,INT_004,330
2024-01-14 16:00:00,INT_004,304
2024-01-14 17:00:00,INT_004,904
2024-01-14 18:00:00,INT_004,894
2024-01-14 19:00:00,INT_004,887
2024-01-14 20:00:00,INT_004,305
2024-01-14 21:00:00,INT_004,318
2024-01-14 22:00:00,INT_004,71
2024-01-14 23:00:00,INT_004,87
2024-01-15 00:00:00,INT_004,105
2024-01-15 01:00:00,INT_004,120
2024-01-15 02:00:00,INT_004,147
2024-01-15 03:00:00,INT_004,113
2024-01-15 04:00:00,INT_004,98
2024-01-15 05:00:00,INT_004,133
2024-01-15 06:00:00,INT_004,438
2024-01-15 07:00:00,INT_004,985
2024-01-15 08:00:00,INT_004,1023
2024-01-15 09:00:00,INT_004,1008
2024-01-15 10:00:00,INT_004,438
2024-01-15 11:00:00,INT_004,352
2024-01-15 12:00:00,INT_004,716
2024-01-15 13:00:00,INT_004,737
2024-01-15 14:00:00,INT_004,709
2024-01-15 15:00:00,INT_004,390
2024-01-15 16:00:00,INT_004,406
2024-01-15 17:00:00,INT_004,1096
2024-01-15 18:00:00,INT_004,1107
2024-01-15 19:00:00,INT_004,1118
2024-01-15 20:00:00,INT_004,426
2024-01-15 21:00:00,INT_004,396
2024-01-15 22:00:00,INT_004,139
2024-01-15 23:00:00,INT_004,107
2024-01-16 00:00:00,INT_004,146
2024-01-16 01:00:00,INT_004,94
2024-01-16 02:00:00,INT_004,129
2024-01-16 03:00:00,INT_004,118
2024-01-16 04:00:00,INT_004,86
2024-01-16 05:00:00,INT_004,155
2024-01-16 06:00:00,INT_004,405
2024-01-16 07:00:00,INT_004,995
2024-01-16 08:00:00,INT_004,1010
2024-01-16 09:00:00,INT_004,974
2024-01-16 10:00:00,INT_004,426
2024-01-16 11:00:00,INT_004,406
2024-01-16 12:00:00,INT_004,737
2024-01-16 13:00:00,INT_004,727
2024-01-16 14:00:00,INT_004,713
2024-01-16 15:00:00,INT_004,413
2024-01-16 16:00:00,INT_004,389
2024-01-16 17:00:00,INT_004,1104
2024-01-16 18:00:00,INT_004,1112
2024-01-16 19:00:00,INT_004,1108
2024-01-16 20:00:00,INT_004,411
2024-01-16 21:00:00,INT_004,442
2024-01-16 22:00:00,INT_004,125
2024-01-16 23:00:00,INT_004,81
2024-01-17 00:00:00,INT_004,110
2024-01-17 01:00:00,INT_004,116
2024-01-17 02:00:00,INT_004,101
2024-01-17 03:00:00,INT_004,141
2024-01-17 04:00:00,INT_004,127
2024-01-17 05:00:00,INT_004,126
2024-01-17 06:00:00,INT_004,453
2024-01-17 07:00:00,INT_004,965
2024-01-17 08:00:00,INT_004,1000
2024-01-17 09:00:00,INT_004,1035
2024-01-17 10:00:00,INT_004,399
2024-01-17 11:00:00,INT_004,351
2024-01-17 12:00:00,INT_004,721
2024-01-17 13:00:00,INT_004,723
2024-01-17 14:00:00,INT_004,734
2024-01-17 15:00:00,INT_004,417
2024-01-17 16:00:00,INT_004,362
2024-01-17 17:00:00,INT_004,1114
2024-01-17 18:00:00,INT_004,1130
2024-01-17 19:00:00,INT_004,1076
2024-01-17 20:00:00,INT_004,400
2024-01-17 21:00:00,INT_004,387
2024-01-17 22:00:00,INT_004,127
2024-01-17 23:00:00,INT_004,50
2024-01-18 00:00:00,INT_004,128
2024-01-18 01:00:00,INT_004,134
2024-01-18 02:00:00,INT_004,113
2024-01-18 03:00:00,INT_004,130
2024-01-18 04:00:00,INT_004,98
2024-01-18 05:00:00,INT_004,111
2024-01-18 06:00:00,INT_004,393
2024-01-18 07:00:00,INT_004,1002
2024-01-18 08:00:00,INT_004,969
2024-01-18 09:00:00,INT_004,1029
2024-01-18 10:00:00,INT_004,405
2024-01-18 11:00:00,INT_004,414
2024-01-18 12:00:00,INT_004,694
2024-01-18 13:00:00,INT_004,739
2024-01-18 14:00:00,INT_004,760
2024-01-18 15:00:00,INT_004,411
2024-01-18 16:00:00,INT_004,413
2024-01-18 17:00:00,INT_004,1142
2024-01-18 18:00:00,INT_004,1117
2024-01-18 19:00:00,INT_004,1110
2024-01-18 20:00:00,INT_004,378
2024-01-18 21:00:00,INT_004,404
2024-01-18 22:00:00,INT_004,114
2024-01-18 23:00:00,INT_004,114
2024-01-19 00:00:00,INT_004,129
2024-01-19 01:00:00,INT_004,163
2024-01-19 02:00:00,INT_004,107
2024-01-19 03:00:00,INT_004,144
2024-01-19 04:00:00,INT_004,137
2024-01-19 05:00:00,INT_004,104
2024-01-19 06:00:00,INT_004,403
2024-01-19 07:00:00,INT_004,991
2024-01-19 08:00:00,INT_004,1031
2024-01-19 09:00:00,INT_004,1003
2024-01-19 10:00:00,INT_004,405
2024-01-19 11:00:00,INT_004,415
2024-01-19 12:00:00,INT_004,709
2024-01-19 13:00:00,INT_004,725
2024-01-19 14:00:00,INT_004,726
2024-01-19 15:00:00,INT_004,376
2024-01-19 16:00:00,INT_004,432
2024-01-19 17:00:00,INT_004,1134
2024-01-19 18:00:00,INT_004,1146
2024-01-19 19:00:00,INT_004,1117
2024-01-19 20:00:00,INT_004,415
2024-01-19 21:00:00,INT_004,422
2024-01-19 22:00:00,INT_004,116
2024-01-19 23:00:00,INT_004,91
2024-01-20 00:00:00,INT_004,53
2024-01-20 01:00:00,INT_004,99
2024-01-20 02:00:00,INT_004,73
2024-01-20 03:00:00,INT_004,101
2024-01-20 04:00:00,INT_004,71
2024-01-20 05:00:00,INT_004,87
2024-01-20 06:00:00,INT_004,321
2024-01-20 07:00:00,INT_004,764
2024-01-20 08:00:00,INT_004,797
2024-01-20 09:00:00,INT_004,767
2024-01-20 10:00:00,INT_004,311
2024-01-20 11:00:00,INT_004,327
2024-01-20 12:00:00,INT_004,569
2024-01-20 13:00:00,INT_004,589
2024-01-20 14:00:00,INT_004,582
2024-01-20 15:00:00,INT_004,334
2024-01-20 16:00:00,INT_004,314
2024-01-20 17:00:00,INT_004,933
2024-01-20 18:00:00,INT_004,897
2024-01-20 19:00:00,INT_004,857
2024-01-20 20:00:00,INT_004,329
2024-01-20 21:00:00,INT_004,278
2024-01-20 22:00:00,INT_004,108
2024-01-20 23:00:00,INT_004,81
2024-01-21 00:00:00,INT_004,56
2024-01-21 01:00:00,INT_004,75
2024-01-21 02:00:00,INT_004,91
2024-01-21 03:00:00,INT_004,81
2024-01-21 04:00:00,INT_004,64
2024-01-21 05:00:00,INT_004,107
2024-01-21 06:00:00,INT_004,327
2024-01-21 07:00:00,INT_004,801
2024-01-21 08:00:00,INT_004,776
2024-01-21 09:00:00,INT_004,797
2024-01-21 10:00:00,INT_004,320
2024-01-21 11:00:00,INT_004,328
2024-01-21 12:00:00,INT_004,556
2024-01-21 13:00:00,INT_004,556
2024-01-21 14:00:00,INT_004,557
2024-01-21 15:00:00,INT_004,300
2024-01-21 16:00:00,INT_004,325
2024-01-21 17:00:00,INT_004,888
2024-01-21 18:00:00,INT_004,910
2024-01-21 19:00:00,INT_004,862
2024-01-21 20:00:00,INT_004,302
2024-01-21 21:00:00,INT_004,350
2024-01-21 22:00:00,INT_004,100
2024-01-21 23:00:00,INT_004,72
2024-01-22 00:00:00,INT_004,111
2024-01-22 01:00:00,INT_004,110
2024-01-22 02:00:00,INT_004,103
2024-01-22 03:00:00,INT_004,117
2024-01-22 04:00:00,INT_004,145
2024-01-22 05:00:00,INT_004,107
2024-01-22 06:00:00,INT_004,398
2024-01-22 07:00:00,INT_004,1021
2024-01-22 08:00:00,INT_004,987
2024-01-22 09:00:00,INT_004,989
2024-01-22 10:00:00,INT_004,392
2024-01-22 11:00:00,INT_004,435
2024-01-22 12:00:00,INT_004,744
2024-01-22 13:00:00,INT_004,740
2024-01-22 14:00:00,INT_004,691
2024-01-22 15:00:00,INT_004,435
2024-01-22 16:00:00,INT_004,397
2024-01-22 17:00:00,INT_004,1096
2024-01-22 18:00:00,INT_004,1152
2024-01-22 19:00:00,INT_004,1117
2024-01-22 20:00:00,INT_004,450
2024-01-22 21:00:00,INT_004,402
2024-01-22 22:00:00,INT_004,166
2024-01-22 23:00:00,INT_004,115
2024-01-23 00:00:00,INT_004,85
2024-01-23 01:00:00,INT_004,136
2024-01-23 02:00:00,INT_004,107
2024-01-23 03:00:00,INT_004,161
2024-01-23 04:00:00,INT_004,123
2024-01-23 05:00:00,INT_004,103
2024-01-23 06:00:00,INT_004,402
2024-01-23 07:00:00,INT_004,1018
2024-01-23 08:00:00,INT_004,1006
2024-01-23 09:00:00,INT_004,992
2024-01-23 10:00:00,INT_004,413
2024-01-23 11:00:00,INT_004,406
2024-01-23 12:00:00,INT_004,718
2024-01-23 13:00:00,INT_004,742
2024-01-23 14:00:00,INT_004,724
2024-01-23 15:00:00,INT_004,400
2024-01-23 16:00:00,INT_004,404
2024-01-23 17:00:00,INT_004,1134
2024-01-23 18:00:00,INT_004,1081
2024-01-23 19:00:00,INT_004,1126
2024-01-23 20:00:00,INT_004,369
2024-01-23 21:00:00,INT_004,407
2024-01-23 22:00:00,INT_004,79
2024-01-23 23:00:00,INT_004,101
2024-01-24 00:00:00,INT_004,130
2024-01-24 01:00:00,INT_004,140
2024-01-24 02:00:00,INT_004,120
2024-01-24 03:00:00,INT_004,122
2024-01-24 04:00:00,INT_004,118
2024-01-24 05:00:00,INT_004,105
2024-01-24 06:00:00,INT_004,406
2024-01-24 07:00:00,INT_004,943
2024-01-24 08:00:00,INT_004,985
2024-01-24 09:00:00,INT_004,1004
2024-01-24 10:00:00,INT_004,385
2024-01-24 11:00:00,INT_004,416
2024-01-24 12:00:00,INT_004,725
2024-01-24 13:00:00,INT_004,706
2024-01-24 14:00:00,INT_004,697
2024-01-24 15:00:00,INT_004,391
2024-01-24 16:00:00,INT_004,385
2024-01-24 17:00:00,INT_004,1084
2024-01-24 18:00:00,INT_004,1119
2024-01-24 19:00:00,INT_004,1113
2024-01-24 20:00:00,INT_004,417
2024-01-24 21:00:00,INT_004,375
2024-01-24 22:00:00,INT_004,123
2024-01-24 23:00:00,INT_004,131
2024-01-25 00:00:00,INT_004,121
2024-01-25 01:00:00,INT_004,124
2024-01-25 02:00:00,INT_004,96
2024-01-25 03:00:00,INT_004,114
2024-01-25 04:00:00,INT_004,107
2024-01-25 05:00:00,INT_004,124
2024-01-25 06:00:00,INT_004,419
2024-01-25 07:00:00,INT_004,1020
2024-01-25 08:00:00,INT_004,1018
2024-01-25 09:00:00,INT_004,996
2024-01-25 10:00:00,INT_004,423
2024-01-25 11:00:00,INT_004,414
2024-01-25 12:00:00,INT_004,717
2024-01-25 13:00:00,INT_004,674
2024-01-25 14:00:00,INT_004,725
2024-01-25 15:00:00,INT_004,362
2024-01-25 16:00:00,INT_004,417
2024-01-25 17:00:00,INT_004,1109
2024-01-25 18:00:00,INT_004,1168
2024-01-25 19:00:00,INT_004,1106
2024-01-25 20:00:00,INT_004,414
2024-01-25 21:00:00,INT_004,412
2024-01-25 22:00:00,INT_004,136
2024-01-25 23:00:00,INT_004,142
2024-01-26 00:00:00,INT_004,130
2024-01-26 01:00:00,INT_004,129
2024-01-26 02:00:00,INT_004,149
2024-01-26 03:00:00,INT_004,122
2024-01-26 04:00:00,INT_004,106
2024-01-26 05:00:00,INT_004,117
2024-01-26 06:00:00,INT_004,415
2024-01-26 07:00:00,INT_004,972
2024-01-26 08:00:00,INT_004,1023
2024-01-26 09:00:00,INT_004,1003
2024-01-26 10:00:00,INT_004,427
2024-01-26 11:00:00,INT_004,384
2024-01-26 12:00:00,INT_004,714
2024-01-26 13:00:00,INT_004,741
2024-01-26 14:00:00,INT_004,668
2024-01-26 15:00:00,INT_004,443
2024-01-26 16:00:00,INT_004,399
2024-01-26 17:00:00,INT_004,1112
2024-01-26 18:00:00,INT_004,1111
2024-01-26 19:00:00,INT_004,1099
2024-01-26 20:00:00,INT_004,411
2024-01-26 21:00:00,INT_004,374
2024-01-26 22:00:00,INT_004,99
2024-01-26 23:00:00,INT_004,113
2024-01-27 00:00:00,INT_004,112
2024-01-27 01:00:00,INT_004,96
2024-01-27 02:00:00,INT_004,108
2024-01-27 03:00:00,INT_004,110
2024-01-27 04:00:00,INT_004,105
2024-01-27 05:00:00,INT_004,92
2024-01-27 06:00:00,INT_004,275
2024-01-27 07:00:00,INT_004,821
2024-01-27 08:00:00,INT_004,808
2024-01-27 09:00:00,INT_004,782
2024-01-27 10:00:00,INT_004,337
2024-01-27 11:00:00,INT_004,302
2024-01-27 12:00:00,INT_004,578
2024-01-27 13:00:00,INT_004,608
2024-01-27 14:00:00,INT_004,554
2024-01-27 15:00:00,INT_004,299
2024-01-27 16:00:00,INT_004,314
2024-01-27 17:00:00,INT_004,873
2024-01-27 18:00:00,INT_004,879
2024-01-27 19:00:00,INT_004,885
2024-01-27 20:00:00,INT_004,318
2024-01-27 21:00:00,INT_004,324
2024-01-27 22:00:00,INT_004,130
2024-01-27 23:00:00,INT_004,74
2024-01-28 00:00:00,INT_004,65
2024-01-28 01:00:00,INT_004,123
2024-01-28 02:00:00,INT_004,113
2024-01-28 03:00:00,INT_004,118
2024-01-28 04:00:00,INT_004,80
2024-01-28 05:00:00,INT_004,95
2024-01-28 06:00:00,INT_004,368
2024-01-28 07:00:00,INT_004,816
2024-01-28 08:00:00,INT_004,858
2024-01-28 09:00:00,INT_004,809
2024-01-28 10:00:00,INT_004,327
2024-01-28 11:00:00,INT_004,333
2024-01-28 12:00:00,INT_004,558
2024-01-28 13:00:00,INT_004,590
2024-01-28 14:00:00,INT_004,551
2024-01-28 15:00:00,INT_004,322
2024-01-28 16:00:00,INT_004,341
2024-01-28 17:00:00,INT_004,938
2024-01-28 18:00:00,INT_004,936
2024-01-28 19:00:00,INT_004,899
2024-01-28 20:00:00,INT_004,332
2024-01-28 21:00:00,INT_004,329
2024-01-28 22:00:00,INT_004,91
2024-01-28 23:00:00,INT_004,67
2024-01-29 00:00:00,INT_004,135
2024-01-29 01:00:00,INT_004,129
2024-01-29 02:00:00,INT_004,152
2024-01-29 03:00:00,INT_004,127
2024-01-29 04:00:00,INT_004,116
2024-01-29 05:00:00,INT_004,119
2024-01-29 06:00:00,INT_004,412
2024-01-29 07:00:00,INT_004,1036
2024-01-29 08:00:00,INT_004,1010
2024-01-29 09:00:00,INT_004,1038
2024-01-29 10:00:00,INT_004,429
2024-01-29 11:00:00,INT_004,374
2024-01-29 12:00:00,INT_004,750
2024-01-29 13:00:00,INT_004,716
2024-01-29 14:00:00,INT_004,739
2024-01-29 15:00:00,INT_004,398
2024-01-29 16:00:00,INT_004,371
2024-01-29 17:00:00,INT_004,1153
2024-01-29 18:00:00,INT_004,1116
2024-01-29 19:00:00,INT_004,1126
2024-01-29 20:00:00,INT_004,402
2024-01-29 21:00:00,INT_004,390
2024-01-29 22:00:00,INT_004,105
2024-01-29 23:00:00,INT_004,101
2024-01-30 00:00:00,INT_004,119
2024-01-30 01:00:00,INT_004,114
2024-01-30 02:00:00,INT_004,95
2024-01-30 03:00:00,INT_004,156
2024-01-30 04:00:00,INT_004,86
2024-01-30 05:00:00,INT_004,110
2024-01-30 06:00:00,INT_004,394
2024-01-30 07:00:00,INT_004,1037
2024-01-30 08:00:00,INT_004,1008
2024-01-30 09:00:00,INT_004,1010
2024-01-30 10:00:00,INT_004,421
2024-01-30 11:00:00,INT_004,413
2024-01-30 12:00:00,INT_004,725
2024-01-30 13:00:00,INT_004,734
2024-01-30 14:00:00,INT_004,716
2024-01-30 15:00:00,INT_004,430
2024-01-30 16:00:00,INT_004,436
2024-01-30 17:00:00,INT_004,1117
2024-01-30 18:00:00,INT_004,1113
2024-01-30 19:00:00,INT_004,1125
2024-01-30 20:00:00,INT_004,383
2024-01-30 21:00:00,INT_004,350
2024-01-30 22:00:00,INT_004,117
2024-01-30 23:00:00,INT_004,106
2024-01-31 00:00:00,INT_004,152
2024-01-31 01:00:00,INT_004,92
2024-01-31 02:00:00,INT_004,113
2024-01-31 03:00:00,INT_004,128
2024-01-31 04:00:00,INT_004,137
2024-01-31 05:00:00,INT_004,107
2024-01-31 06:00:00,INT_004,422
2024-01-31 07:00:00,INT_004,1027
2024-01-31 08:00:00,INT_004,1025
2024-01-31 09:00:00,INT_004,957
2024-01-31 10:00:00,INT_004,406
2024-01-31 11:00:00,INT_004,410
2024-01-31 12:00:00,INT_004,709
2024-01-31 13:00:00,INT_004,712
2024-01-31 14:00:00,INT_004,712
2024-01-31 15:00:00,INT_004,415
2024-01-31 16:00:00,INT_004,387
2024-01-31 17:00:00,INT_004,1095
2024-01-31 18:00:00,INT_004,1125
2024-01-31 19:00:00,INT_004,1132
2024-01-31 20:00:00,INT_004,385
2024-01-31 21:00:00,INT_004,415
2024-01-31 22:00:00,INT_004,108
2024-01-31 23:00:00,INT_004,120
2024-02-01 00:00:00,INT_004,132
2024-02-01 01:00:00,INT_004,110
2024-02-01 02:00:00,INT_004,157
2024-02-01 03:00:00,INT_004,127
2024-02-01 04:00:00,INT_004,128
2024-02-01 05:00:00,INT_004,95
2024-02-01 06:00:00,INT_004,407
2024-02-01 07:00:00,INT_004,971
2024-02-01 08:00:00,INT_004,1031
2024-02-01 09:00:00,INT_004,990
2024-02-01 10:00:00,INT_004,390
2024-02-01 11:00:00,INT_004,392
2024-02-01 12:00:00,INT_004,710
2024-02-01 13:00:00,INT_004,728
2024-02-01 14:00:00,INT_004,691
2024-02-01 15:00:00,INT_004,393
2024-02-01 16:00:00,INT_004,428
2024-02-01 17:00:00,INT_004,1131
2024-02-01 18:00:00,INT_004,1086
2024-02-01 19:00:00,INT_004,1108
2024-02-01 20:00:00,INT_004,367
2024-02-01 21:00:00,INT_004,392
2024-02-01 22:00:00,INT_004,100
2024-02-01 23:00:00,INT_004,124
2024-02-02 00:00:00,INT_004,121
2024-02-02 01:00:00,INT_004,106
2024-02-02 02:00:00,INT_004,104
2024-02-02 03:00:00,INT_004,130
2024-02-02 04:00:00,INT_004,128
2024-02-02 05:00:00,INT_004,127
2024-02-02 06:00:00,INT_004,339
2024-02-02 07:00:00,INT_004,1023
2024-02-02 08:00:00,INT_004,993
2024-02-02 09:00:00,INT_004,980
2024-02-02 10:00:00,INT_004,433
2024-02-02 11:00:00,INT_004,408
2024-02-02 12:00:00,INT_004,687
2024-02-02 13:00:00,INT_004,719
2024-02-02 14:00:00,INT_004,702
2024-02-02 15:00:00,INT_004,389
2024-02-02 16:00:00,INT_004,423
2024-02-02 17:00:00,INT_004,1127
2024-02-02 18:00:00,INT_004,1124
2024-02-02 19:00:00,INT_004,1112
2024-02-02 20:00:00,INT_004,390
2024-02-02 21:00:00,INT_004,401
2024-02-02 22:00:00,INT_004,101
2024-02-02 23:00:00,INT_004,131
2024-02-03 00:00:00,INT_004,85
2024-02-03 01:00:00,INT_004,101
2024-02-03 02:00:00,INT_004,81
2024-02-03 03:00:00,INT_004,105
2024-02-03 04:00:00,INT_004,90
2024-02-03 05:00:00,INT_004,87
2024-02-03 06:00:00,INT_004,282
2024-02-03 07:00:00,INT_004,811
2024-02-03 08:00:00,INT_004,770
2024-02-03 09:00:00,INT_004,774
2024-02-03 10:00:00,INT_004,301
2024-02-03 11:00:00,INT_004,358
2024-02-03 12:00:00,INT_004,571
2024-02-03 13:00:00,INT_004,547
2024-02-03 14:00:00,INT_004,553
2024-02-03 15:00:00,INT_004,316
2024-02-03 16:00:00,INT_004,299
2024-02-03 17:00:00,INT_004,893
2024-02-03 18:00:00,INT_004,881
2024-02-03 19:00:00,INT_004,906
2024-02-03 20:00:00,INT_004,322
2024-02-03 21:00:00,INT_004,344
2024-02-03 22:00:00,INT_004,124
2024-02-03 23:00:00,INT_004,115
2024-02-04 00:00:00,INT_004,125
2024-02-04 01:00:00,INT_004,78
2024-02-04 02:00:00,INT_004,79
2024-02-04 03:00:00,INT_004,78
2024-02-04 04:00:00,INT_004,92
2024-02-04 05:00:00,INT_004,100
2024-02-04 06:00:00,INT_004,294
2024-02-04 07:00:00,INT_004,802
2024-02-04 08:00:00,INT_004,787
2024-02-04 09:00:00,INT_004,772
2024-02-04 10:00:00,INT_004,341
2024-02-04 11:00:00,INT_004,355
2024-02-04 12:00:00,INT_004,604
2024-02-04 13:00:00,INT_004,576
2024-02-04 14:00:00,INT_004,582
2024-02-04 15:00:00,INT_004,285
2024-02-04 16:00:00,INT_004,285
2024-02-04 17:00:00,INT_004,876
2024-02-04 18:00:00,INT_004,887
2024-02-04 19:00:00,INT_004,887
2024-02-04 20:00:00,INT_004,312
2024-02-04 21:00:00,INT_004,312
2024-02-04 22:00:00,INT_004,93
2024-02-04 23:00:00,INT_004,114
2024-02-05 00:00:00,INT_004,146
2024-02-05 01:00:00,INT_004,147
2024-02-05 02:00:00,INT_004,123
2024-02-05 03:00:00,INT_004,110
2024-02-05 04:00:00,INT_004,113
2024-02-05 05:00:00,INT_004,107
2024-02-05 06:00:00,INT_004,413
2024-02-05 07:00:00,INT_004,1034
2024-02-05 08:00:00,INT_004,1019
2024-02-05 09:00:00,INT_004,986
2024-02-05 10:00:00,INT_004,406
2024-02-05 11:00:00,INT_004,400
2024-02-05 12:00:00,INT_004,721
2024-02-05 13:00:00,INT_004,716
2024-02-05 14:00:00,INT_004,705
2024-02-05 15:00:00,INT_004,413
2024-02-05 16:00:00,INT_004,417
2024-02-05 17:00:00,INT_004,1106
2024-02-05 18:00:00,INT_004,1146
2024-02-05 19:00:00,INT_004,1126
2024-02-05 20:00:00,INT_004,389
2024-02-05 21:00:00,INT_004,406
2024-02-05 22:00:00,INT_004,94
2024-02-05 23:00:00,INT_004,117
2024-02-06 00:00:00,INT_004,127
2024-02-06 01:00:00,INT_004,127
2024-02-06 02:00:00,INT_004,110
2024-02-06 03:00:00,INT_004,96
2024-02-06 04:00:00,INT_004,86
2024-02-06 05:00:00,INT_004,85
2024-02-06 06:00:00,INT_004,393
2024-02-06 07:00:00,INT_004,1026
2024-02-06 08:00:00,INT_004,998
2024-02-06 09:00:00,INT_004,1014
2024-02-06 10:00:00,INT_004,404
2024-02-06 11:00:00,INT_004,372
2024-02-06 12:00:00,INT_004,698
2024-02-06 13:00:00,INT_004,750
2024-02-06 14:00:00,INT_004,712
2024-02-06 15:00:00,INT_004,360
2024-02-06 16:00:00,INT_004,395
2024-02-06 17:00:00,INT_004,1122
2024-02-06 18:00:00,INT_004,1120
2024-02-06 19:00:00,INT_004,1129
2024-02-06 20:00:00,INT_004,371
2024-02-06 21:00:00,INT_004,420
2024-02-06 22:00:00,INT_004,124
2024-02-06 23:00:00,INT_004,140
2024-02-07 00:00:00,INT_004,129
2024-02-07 01:00:00,INT_004,120
2024-02-07 02:00:00,INT_004,132
2024-02-07 03:00:00,INT_004,123
2024-02-07 04:00:00,INT_004,101
2024-02-07 05:00:00,INT_004,116
2024-02-07 06:00:00,INT_004,409
2024-02-07 07:00:00,INT_004,974
2024-02-07 08:00:00,INT_004,981
2024-02-07 09:00:00,INT_004,1007
2024-02-07 10:00:00,INT_004,422
2024-02-07 11:00:00,INT_004,396
2024-02-07 12:00:00,INT_004,730
2024-02-07 13:00:00,INT_004,719
2024-02-07 14:00:00,INT_004,713
2024-02-07 15:00:00,INT_004,416
2024-02-07 16:00:00,INT_004,396
2024-02-07 17:00:00,INT_004,1130
2024-02-07 18:00:00,INT_004,1108
2024-02-07 19:00:00,INT_004,1109
2024-02-07 20:00:00,INT_004,400
2024-02-07 21:00:00,INT_004,410
2024-02-07 22:00:00,INT_004,108
2024-02-07 23:00:00,INT_004,123
2024-02-08 00:00:00,INT_004,155
2024-02-08 01:00:00,INT_004,85
2024-02-08 02:00:00,INT_004,115
2024-02-08 03:00:00,INT_004,143
2024-02-08 04:00:00,INT_004,122
2024-02-08 05:00:00,INT_004,111
2024-02-08 06:00:00,INT_004,415
2024-02-08 07:00:00,INT_004,1005
2024-02-08 08:00:00,INT_004,980
2024-02-08 09:00:00,INT_004,969
2024-02-08 10:00:00,INT_004,398
2024-02-08 11:00:00,INT_004,395
2024-02-08 12:00:00,INT_004,748
2024-02-08 13:00:00,INT_004,743
2024-02-08 14:00:00,INT_004,710
2024-02-08 15:00:00,INT_004,362
2024-02-08 16:00:00,INT_004,390
2024-02-08 17:00:00,INT_004,1102
2024-02-08 18:00:00,INT_004,1149
2024-02-08 19:00:00,INT_004,1096
2024-02-08 20:00:00,INT_004,417
2024-02-08 21:00:00,INT_004,409
2024-02-08 22:00:00,INT_004,115
2024-02-08 23:00:00,INT_004,122
2024-02-09 00:00:00,INT_004,84
2024-02-09 01:00:00,INT_004,103
2024-02-09 02:00:00,INT_004,146
2024-02-09 03:00:00,INT_004,118
2024-02-09 04:00:00,INT_004,114
2024-02-09 05:00:00,INT_004,112
2024-02-09 06:00:00,INT_004,381
2024-02-09 07:00:00,INT_004,1014
2024-02-09 08:00:00,INT_004,975
2024-02-09 09:00:00,INT_004,1002
2024-02-09 10:00:00,INT_004,407
2024-02-09 11:00:00,INT_004,397
2024-02-09 12:00:00,INT_004,696
2024-02-09 13:00:00,INT_004,732
2024-02-09 14:00:00,INT_004,716
2024-02-09 15:00:00,INT_004,417
2024-02-09 16:00:00,INT_004,394
2024-02-09 17:00:00,INT_004,1069
2024-02-09 18:00:00,INT_004,1080
2024-02-09 19:00:00,INT_004,1113
2024-02-09 20:00:00,INT_004,383
2024-02-09 21:00:00,INT_004,430
2024-02-09 22:00:00,INT_004,112
2024-02-09 23:00:00,INT_004,153
2024-02-10 00:00:00,INT_004,58
2024-02-10 01:00:00,INT_004,100
2024-02-10 02:00:00,INT_004,103
2024-02-10 03:00:00,INT_004,100
2024-02-10 04:00:00,INT_004,77
2024-02-10 05:00:00,INT_004,58
2024-02-10 06:00:00,INT_004,321
2024-02-10 07:00:00,INT_004,769
2024-02-10 08:00:00,INT_004,847
2024-02-10 09:00:00,INT_004,797
2024-02-10 10:00:00,INT_004,337
2024-02-10 11:00:00,INT_004,316
2024-02-10 12:00:00,INT_004,563
2024-02-10 13:00:00,INT_004,588
2024-02-10 14:00:00,INT_004,593
2024-02-10 15:00:00,INT_004,324
2024-02-10 16:00:00,INT_004,269
2024-02-10 17:00:00,INT_004,906
2024-02-10 18:00:00,INT_004,953
2024-02-10 19:00:00,INT_004,925
2024-02-10 20:00:00,INT_004,332
2024-02-10 21:00:00,INT_004,314
2024-02-10 22:00:00,INT_004,73
2024-02-10 23:00:00,INT_004,90
2024-02-11 00:00:00,INT_004,96
2024-02-11 01:00:00,INT_004,80
2024-02-11 02:00:00,INT_004,75
2024-02-11 03:00:00,INT_004,89
2024-02-11 04:00:00,INT_004,86
2024-02-11 05:00:00,INT_004,103
2024-02-11 06:00:00,INT_004,274
2024-02-11 07:00:00,INT_004,799
2024-02-11 08:00:00,INT_004,808
2024-02-11 09:00:00,INT_004,768
2024-02-11 10:00:00,INT_004,310
2024-02-11 11:00:00,INT_004,334
2024-02-11 12:00:00,INT_004,553
2024-02-11 13:00:00,INT_004,546
2024-02-11 14:00:00,INT_004,614
2024-02-11 15:00:00,INT_004,311
2024-02-11 16:00:00,INT_004,330
2024-02-11 17:00:00,INT_004,910
2024-02-11 18:00:00,INT_004,891
2024-02-11 19:00:00,INT_004,843
2024-02-11 20:00:00,INT_004,298
2024-02-11 21:00:00,INT_004,318
2024-02-11 22:00:00,INT_004,120
2024-02-11 23:00:00,INT_004,76
2024-02-12 00:00:00,INT_004,100
2024-02-12 01:00:00,INT_004,126
2024-02-12 02:00:00,INT_004,119
2024-02-12 03:00:00,INT_004,78
2024-02-12 04:00:00,INT_004,101
2024-02-12 05:00:00,INT_004,147
2024-02-12 06:00:00,INT_004,375
2024-02-12 07:00:00,INT_004,999
2024-02-12 08:00:00,INT_004,999
2024-02-12 09:00:00,INT_004,957
2024-02-12 10:00:00,INT_004,412
2024-02-12 11:00:00,INT_004,390
2024-02-12 12:00:00,INT_004,729
2024-02-12 13:00:00,INT_004,735
2024-02-12 14:00:00,INT_004,717
2024-02-12 15:00:00,INT_004,378
2024-02-12 16:00:00,INT_004,416
2024-02-12 17:00:00,INT_004,1152
2024-02-12 18:00:00,INT_004,1133
2024-02-12 19:00:00,INT_004,1102
2024-02-12 20:00:00,INT_004,408
2024-02-12 21:00:00,INT_004,422
2024-02-12 22:00:00,INT_004,169
2024-02-12 23:00:00,INT_004,90
2024-02-13 00:00:00,INT_004,103
2024-02-13 01:00:00,INT_004,109
2024-02-13 02:00:00,INT_004,99
2024-02-13 03:00:00,INT_004,104
2024-02-13 04:00:00,INT_004,129
2024-02-13 05:00:00,INT_004,121
2024-02-13 06:00:00,INT_004,420
2024-02-13 07:00:00,INT_004,995
2024-02-13 08:00:00,INT_004,1004
2024-02-13 09:00:00,INT_004,976
2024-02-13 10:00:00,INT_004,422
2024-02-13 11:00:00,INT_004,379
2024-02-13 12:00:00,INT_004,717
2024-02-13 13:00:00,INT_004,730
2024-02-13 14:00:00,INT_004,704
2024-02-13 15:00:00,INT_004,404
2024-02-13 16:00:00,INT_004,380
2024-02-13 17:00:00,INT_004,1176
2024-02-13 18:00:00,INT_004,1095
2024-02-13 19:00:00,INT_004,1108
2024-02-13 20:00:00,INT_004,369
2024-02-13 21:00:00,INT_004,396
2024-02-13 22:00:00,INT_004,89
2024-02-13 23:00:00,INT_004,167
2024-02-14 00:00:00,INT_004,128
2024-02-14 01:00:00,INT_004,133
2024-02-14 02:00:00,INT_004,120
2024-02-14 03:00:00,INT_004,123
2024-02-14 04:00:00,INT_004,75
2024-02-14 05:00:00,INT_004,100
2024-02-14 06:00:00,INT_004,361
2024-02-14 07:00:00,INT_004,1016
2024-02-14 08:00:00,INT_004,1003
2024-02-14 09:00:00,INT_004,1010
2024-02-14 10:00:00,INT_004,395
2024-02-14 11:00:00,INT_004,405
2024-02-14 12:00:00,INT_004,703
2024-02-14 13:00:00,INT_004,689
2024-02-14 14:00:00,INT_004,726
2024-02-14 15:00:00,INT_004,356
2024-02-14 16:00:00,INT_004,426
2024-02-14 17:00:00,INT_004,1069
2024-02-14 18:00:00,INT_004,1096
2024-02-14 19:00:00,INT_004,1090
2024-02-14 20:00:00,INT_004,357
2024-02-14 21:00:00,INT_004,423
2024-02-14 22:00:00,INT_004,105
2024-02-14 23:00:00,INT_004,157
2024-02-15 00:00:00,INT_004,129
2024-02-15 01:00:00,INT_004,114
2024-02-15 02:00:00,INT_004,109
2024-02-15 03:00:00,INT_004,122
2024-02-15 04:00:00,INT_004,124
2024-02-15 05:00:00,INT_004,106
2024-02-15 06:00:00,INT_004,408
2024-02-15 07:00:00,INT_004,1020
2024-02-15 08:00:00,INT_004,1014
2024-02-15 09:00:00,INT_004,999
2024-02-15 10:00:00,INT_004,409
2024-02-15 11:00:00,INT_004,366
2024-02-15 12:00:00,INT_004,693
2024-02-15 13:00:00,INT_004,715
2024-02-15 14:00:00,INT_004,722
2024-02-15 15:00:00,INT_004,401
2024-02-15 16:00:00,INT_004,407
2024-02-15 17:00:00,INT_004,1121
2024-02-15 18:00:00,INT_004,1069
2024-02-15 19:00:00,INT_004,1138
2024-02-15 20:00:00,INT_004,421
2024-02-15 21:00:00,INT_004,356
2024-02-15 22:00:00,INT_004,160
2024-02-15 23:00:00,INT_004,95
2024-02-16 00:00:00,INT_004,109
2024-02-16 01:00:00,INT_004,97
2024-02-16 02:00:00,INT_004,119
2024-02-16 03:00:00,INT_004,127
2024-02-16 04:00:00,INT_004,105
2024-02-16 05:00:00,INT_004,142
2024-02-16 06:00:00,INT_004,391
2024-02-16 07:00:00,INT_004,1022
2024-02-16 08:00:00,INT_004,1005
2024-02-16 09:00:00,INT_004,992
2024-02-16 10:00:00,INT_004,384
2024-02-16 11:00:00,INT_004,375
2024-02-16 12:00:00,INT_004,749
2024-02-16 13:00:00,INT_004,729
2024-02-16 14:00:00,INT_004,719
2024-02-16 15:00:00,INT_004,411
2024-02-16 16:00:00,INT_004,401
2024-02-16 17:00:00,INT_004,1090
2024-02-16 18:00:00,INT_004,1149
2024-02-16 19:00:00,INT_004,1142
2024-02-16 20:00:00,INT_004,445
2024-02-16 21:00:00,INT_004,415
2024-02-16 22:00:00,INT_004,111
2024-02-16 23:00:00,INT_004,108
2024-02-17 00:00:00,INT_004,91
2024-02-17 01:00:00,INT_004,108
2024-02-17 02:00:00,INT_004,96
2024-02-17 03:00:00,INT_004,79
2024-02-17 04:00:00,INT_004,77
2024-02-17 05:00:00,INT_004,85
2024-02-17 06:00:00,INT_004,304
2024-02-17 07:00:00,INT_004,798
2024-02-17 08:00:00,INT_004,790
2024-02-17 09:00:00,INT_004,789
2024-02-17 10:00:00,INT_004,281
2024-02-17 11:00:00,INT_004,322
2024-02-17 12:00:00,INT_004,585
2024-02-17 13:00:00,INT_004,611
2024-02-17 14:00:00,INT_004,576
2024-02-17 15:00:00,INT_004,305
2024-02-17 16:00:00,INT_004,350
2024-02-17 17:00:00,INT_004,895
2024-02-17 18:00:00,INT_004,907
2024-02-17 19:00:00,INT_004,867
2024-02-17 20:00:00,INT_004,331
2024-02-17 21:00:00,INT_004,303
2024-02-17 22:00:00,INT_004,101
2024-02-17 23:00:00,INT_004,97
2024-02-18 00:00:00,INT_004,126
2024-02-18 01:00:00,INT_004,123
2024-02-18 02:00:00,INT_004,92
2024-02-18 03:00:00,INT_004,102
2024-02-18 04:00:00,INT_004,101
2024-02-18 05:00:00,INT_004,70
2024-02-18 06:00:00,INT_004,309
2024-02-18 07:00:00,INT_004,849
2024-02-18 08:00:00,INT_004,831
2024-02-18 09:00:00,INT_004,807
2024-02-18 10:00:00,INT_004,328
2024-02-18 11:00:00,INT_004,307
2024-02-18 12:00:00,INT_004,600
2024-02-18 13:00:00,INT_004,545
2024-02-18 14:00:00,INT_004,564
2024-02-18 15:00:00,INT_004,338
2024-02-18 16:00:00,INT_004,320
2024-02-18 17:00:00,INT_004,924
2024-02-18 18:00:00,INT_004,849
2024-02-18 19:00:00,INT_004,906
2024-02-18 20:00:00,INT_004,337
2024-02-18 21:00:00,INT_004,316
2024-02-18 22:00:00,INT_004,102
2024-02-18 23:00:00,INT_004,105
2024-02-19 00:00:00,INT_004,140
2024-02-19 01:00:00,INT_004,137
2024-02-19 02:00:00,INT_004,121
2024-02-19 03:00:00,INT_004,101
2024-02-19 04:00:00,INT_004,109
2024-02-19 05:00:00,INT_004,141
2024-02-19 06:00:00,INT_004,388
2024-02-19 07:00:00,INT_004,941
2024-02-19 08:00:00,INT_004,1022
2024-02-19 09:00:00,INT_004,974
2024-02-19 10:00:00,INT_004,400
2024-02-19 11:00:00,INT_004,382
2024-02-19 12:00:00,INT_004,730
2024-02-19 13:00:00,INT_004,708
2024-02-19 14:00:00,INT_004,760
2024-02-19 15:00:00,INT_004,409
2024-02-19 16:00:00,INT_004,396
2024-02-19 17:00:00,INT_004,1141
2024-02-19 18:00:00,INT_004,1118
2024-02-19 19:00:00,INT_004,1150
2024-02-19 20:00:00,INT_004,387
2024-02-19 21:00:00,INT_004,385
2024-02-19 22:00:00,INT_004,110
2024-02-19 23:00:00,INT_004,125
2024-02-20 00:00:00,INT_004,136
2024-02-20 01:00:00,INT_004,132
2024-02-20 02:00:00,INT_004,111
2024-02-20 03:00:00,INT_004,134
2024-02-20 04:00:00,INT_004,122
2024-02-20 05:00:00,INT_004,164
2024-02-20 06:00:00,INT_004,366
2024-02-20 07:00:00,INT_004,993
2024-02-20 08:00:00,INT_004,1037
2024-02-20 09:00:00,INT_004,1023
2024-02-20 10:00:00,INT_004,402
2024-02-20 11:00:00,INT_004,395
2024-02-20 12:00:00,INT_004,685
2024-02-20 13:00:00,INT_004,712
2024-02-20 14:00:00,INT_004,735
2024-02-20 15:00:00,INT_004,412
2024-02-20 16:00:00,INT_004,400
2024-02-20 17:00:00,INT_004,1114
2024-02-20 18:00:00,INT_004,1106
2024-02-20 19:00:00,INT_004,1102
2024-02-20 20:00:00,INT_004,411
2024-02-20 21:00:00,INT_004,383
2024-02-20 22:00:00,INT_004,125
2024-02-20 23:00:00,INT_004,114
2024-02-21 00:00:00,INT_004,118
2024-02-21 01:00:00,INT_004,109
2024-02-21 02:00:00,INT_004,105
2024-02-21 03:00:00,INT_004,107
2024-02-21 04:00:00,INT_004,156
2024-02-21 05:00:00,INT_004,106
2024-02-21 06:00:00,INT_004,396
2024-02-21 07:00:00,INT_004,1013
2024-02-21 08:00:00,INT_004,982
2024-02-21 09:00:00,INT_004,1024
2024-02-21 10:00:00,INT_004,397
2024-02-21 11:00:00,INT_004,405
2024-02-21 12:00:00,INT_004,722
2024-02-21 13:00:00,INT_004,745
2024-02-21 14:00:00,INT_004,754
2024-02-21 15:00:00,INT_004,373
2024-02-21 16:00:00,INT_004,400
2024-02-21 17:00:00,INT_004,1096
2024-02-21 18:00:00,INT_004,1127
2024-02-21 19:00:00,INT_004,1105
2024-02-21 20:00:00,INT_004,412
2024-02-21 21:00:00,INT_004,349
2024-02-21 22:00:00,INT_004,115
2024-02-21 23:00:00,INT_004,100
2024-02-22 00:00:00,INT_004,132
2024-02-22 01:00:00,INT_004,142
2024-02-22 02:00:00,INT_004,97
2024-02-22 03:00:00,INT_004,161
2024-02-22 04:00:00,INT_004,111
2024-02-22 05:00:00,INT_004,131
2024-02-22 06:00:00,INT_004,422
2024-02-22 07:00:00,INT_004,974
2024-02-22 08:00:00,INT_004,971
2024-02-22 09:00:00,INT_004,1006
2024-02-22 10:00:00,INT_004,378
2024-02-22 11:00:00,INT_004,365
2024-02-22 12:00:00,INT_004,698
2024-02-22 13:00:00,INT_004,718
2024-02-22 14:00:00,INT_004,731
2024-02-22 15:00:00,INT_004,389
2024-02-22 16:00:00,INT_004,379
2024-02-22 17:00:00,INT_004,1112
2024-02-22 18:00:00,INT_004,1159
2024-02-22 19:00:00,INT_004,1099
2024-02-22 20:00:00,INT_004,417
2024-02-22 21:00:00,INT_004,405
2024-02-22 22:00:00,INT_004,111
2024-02-22 23:00:00,INT_004,145
2024-02-23 00:00:00,INT_004,143
2024-02-23 01:00:00,INT_004,106
2024-02-23 02:00:00,INT_004,145
2024-02-23 03:00:00,INT_004,103
2024-02-23 04:00:00,INT_004,71
2024-02-23 05:00:00,INT_004,118
2024-02-23 06:00:00,INT_004,422
2024-02-23 07:00:00,INT_004,1006
2024-02-23 08:00:00,INT_004,997
2024-02-23 09:00:00,INT_004,999
2024-02-23 10:00:00,INT_004,393
2024-02-23 11:00:00,INT_004,418
2024-02-23 12:00:00,INT_004,725
2024-02-23 13:00:00,INT_004,767
2024-02-23 14:00:00,INT_004,736
2024-02-23 15:00:00,INT_004,401
2024-02-23 16:00:00,INT_004,390
2024-02-23 17:00:00,INT_004,1128
2024-02-23 18:00:00,INT_004,1113
2024-02-23 19:00:00,INT_004,1110
2024-02-23 20:00:00,INT_004,417
2024-02-23 21:00:00,INT_004,390
2024-02-23 22:00:00,INT_004,109
2024-02-23 23:00:00,INT_004,110
2024-02-24 00:00:00,INT_004,132
2024-02-24 01:00:00,INT_004,94
2024-02-24 02:00:00,INT_004,91
2024-02-24 03:00:00,INT_004,110
2024-02-24 04:00:00,INT_004,114
2024-02-24 05:00:00,INT_004,79
2024-02-24 06:00:00,INT_004,369
2024-02-24 07:00:00,INT_004,780
2024-02-24 08:00:00,INT_004,811
2024-02-24 09:00:00,INT_004,825
2024-02-24 10:00:00,INT_004,346
2024-02-24 11:00:00,INT_004,352
2024-02-24 12:00:00,INT_004,586
2024-02-24 13:00:00,INT_004,583
2024-02-24 14:00:00,INT_004,574
2024-02-24 15:00:00,INT_004,325
2024-02-24 16:00:00,INT_004,321
2024-02-24 17:00:00,INT_004,892
2024-02-24 18:00:00,INT_004,897
2024-02-24 19:00:00,INT_004,914
2024-02-24 20:00:00,INT_004,358
2024-02-24 21:00:00,INT_004,302
2024-02-24 22:00:00,INT_004,103
2024-02-24 23:00:00,INT_004,111
2024-02-25 00:00:00,INT_004,80
2024-02-25 01:00:00,INT_004,80
2024-02-25 02:00:00,INT_004,100
2024-02-25 03:00:00,INT_004,111
2024-02-25 04:00:00,INT_004,69
2024-02-25 05:00:00,INT_004,97
2024-02-25 06:00:00,INT_004,291
2024-02-25 07:00:00,INT_004,817
2024-02-25 08:00:00,INT_004,806
2024-02-25 09:00:00,INT_004,832
2024-02-25 10:00:00,INT_004,301
2024-02-25 11:00:00,INT_004,288
2024-02-25 12:00:00,INT_004,582
2024-02-25 13:00:00,INT_004,556
2024-02-25 14:00:00,INT_004,597
2024-02-25 15:00:00,INT_004,354
2024-02-25 16:00:00,INT_004,304
2024-02-25 17:00:00,INT_004,903
2024-02-25 18:00:00,INT_004,887
2024-02-25 19:00:00,INT_004,895
2024-02-25 20:00:00,INT_004,312
2024-02-25 21:00:00,INT_004,343
2024-02-25 22:00:00,INT_004,91
2024-02-25 23:00:00,INT_004,110
2024-02-26 00:00:00,INT_004,135
2024-02-26 01:00:00,INT_004,112
2024-02-26 02:00:00,INT_004,128
2024-02-26 03:00:00,INT_004,145
2024-02-26 04:00:00,INT_004,115
2024-02-26 05:00:00,INT_004,117
2024-02-26 06:00:00,INT_004,401
2024-02-26 07:00:00,INT_004,1030
2024-02-26 08:00:00,INT_004,1001
2024-02-26 09:00:00,INT_004,989
2024-02-26 10:00:00,INT_004,375
2024-02-26 11:00:00,INT_004,395
2024-02-26 12:00:00,INT_004,737
2024-02-26 13:00:00,INT_004,694
2024-02-26 14:00:00,INT_004,692
2024-02-26 15:00:00,INT_004,393
2024-02-26 16:00:00,INT_004,370
2024-02-26 17:00:00,INT_004,1121
2024-02-26 18:00:00,INT_004,1151
2024-02-26 19:00:00,INT_004,1092
2024-02-26 20:00:00,INT_004,437
2024-02-26 21:00:00,INT_004,383
2024-02-26 22:00:00,INT_004,131
2024-02-26 23:00:00,INT_004,142
2024-02-27 00:00:00,INT_004,125
2024-02-27 01:00:00,INT_004,114
2024-02-27 02:00:00,INT_004,123
2024-02-27 03:00:00,INT_004,80
2024-02-27 04:00:00,INT_004,107
2024-02-27 05:00:00,INT_004,101
2024-02-27 06:00:00,INT_004,407
2024-02-27 07:00:00,INT_004,980
2024-02-27 08:00:00,INT_004,988
2024-02-27 09:00:00,INT_004,993
2024-02-27 10:00:00,INT_004,399
2024-02-27 11:00:00,INT_004,414
2024-02-27 12:00:00,INT_004,757
2024-02-27 13:00:00,INT_004,727
2024-02-27 14:00:00,INT_004,717
2024-02-27 15:00:00,INT_004,413
2024-02-27 16:00:00,INT_004,369
2024-02-27 17:00:00,INT_004,1118
2024-02-27 18:00:00,INT_004,1127
2024-02-27 19:00:00,INT_004,1154
2024-02-27 20:00:00,INT_004,450
2024-02-27 21:00:00,INT_004,373
2024-02-27 22:00:00,INT_004,93
2024-02-27 23:00:00,INT_004,113
2024-02-28 00:00:00,INT_004,139
2024-02-28 01:00:00,INT_004,60
2024-02-28 02:00:00,INT_004,114
2024-02-28 03:00:00,INT_004,123
2024-02-28 04:00:00,INT_004,88
2024-02-28 05:00:00,INT_004,105
2024-02-28 06:00:00,INT_004,378
2024-02-28 07:00:00,INT_004,949
2024-02-28 08:00:00,INT_004,1019
2024-02-28 09:00:00,INT_004,1003
2024-02-28 10:00:00,INT_004,420
2024-02-28 11:00:00,INT_004,382
2024-02-28 12:00:00,INT_004,695
2024-02-28 13:00:00,INT_004,700
2024-02-28 14:00:00,INT_004,690
2024-02-28 15:00:00,INT_004,427
2024-02-28 16:00:00,INT_004,391
2024-02-28 17:00:00,INT_004,1130
2024-02-28 18:00:00,INT_004,1134
2024-02-28 19:00:00,INT_004,1111
2024-02-28 20:00:00,INT_004,418
2024-02-28 21:00:00,INT_004,435
2024-02-28 22:00:00,INT_004,95
2024-02-28 23:00:00,INT_004,114
2024-02-29 00:00:00,INT_004,112
2024-02-29 01:00:00,INT_004,102
2024-02-29 02:00:00,INT_004,125
2024-02-29 03:00:00,INT_004,144
2024-02-29 04:00:00,INT_004,102
2024-02-29 05:00:00,INT_004,92
2024-02-29 06:00:00,INT_004,394
2024-02-29 07:00:00,INT_004,965
2024-02-29 08:00:00,INT_004,962
2024-02-29 09:00:00,INT_004,998
2024-02-29 10:00:00,INT_004,400
2024-02-29 11:00:00,INT_004,414
2024-02-29 12:00:00,INT_004,721
2024-02-29 13:00:00,INT_004,761
2024-02-29 14:00:00,INT_004,776
2024-02-29 15:00:00,INT_004,385
2024-02-29 16:00:00,INT_004,412
2024-02-29 17:00:00,INT_004,1134
2024-02-29 18:00:00,INT_004,1155
2024-02-29 19:00:00,INT_004,1128
2024-02-29 20:00:00,INT_004,404
2024-02-29 21:00:00,INT_004,427
2024-02-29 22:00:00,INT_004,118
2024-02-29 23:00:00,INT_004,135
2024-01-01 00:00:00,INT_005,112
2024-01-01 01:00:00,INT_005,96
2024-01-01 02:00:00,INT_005,198
2024-01-01 03:00:00,INT_005,129
2024-01-01 04:00:00,INT_005,113
2024-01-01 05:00:00,INT_005,150
2024-01-01 06:00:00,INT_005,417
2024-01-01 07:00:00,INT_005,1151
2024-01-01 08:00:00,INT_005,1079
2024-01-01 09:00:00,INT_005,1141
2024-01-01 10:00:00,INT_005,450
2024-01-01 11:00:00,INT_005,442
2024-01-01 12:00:00,INT_005,833
2024-01-01 13:00:00,INT_005,834
2024-01-01 14:00:00,INT_005,842
2024-01-01 15:00:00,INT_005,455
2024-01-01 16:00:00,INT_005,438
2024-01-01 17:00:00,INT_005,1231
2024-01-01 18:00:00,INT_005,1244
2024-01-01 19:00:00,INT_005,1238
2024-01-01 20:00:00,INT_005,459
2024-01-01 21:00:00,INT_005,419
2024-01-01 22:00:00,INT_005,152
2024-01-01 23:00:00,INT_005,157
2024-01-02 00:00:00,INT_005,130
2024-01-02 01:00:00,INT_005,145
2024-01-02 02:00:00,INT_005,156
2024-01-02 03:00:00,INT_005,171
2024-01-02 04:00:00,INT_005,122
2024-01-02 05:00:00,INT_005,159
2024-01-02 06:00:00,INT_005,440
2024-01-02 07:00:00,INT_005,1178
2024-01-02 08:00:00,INT_005,1132
2024-01-02 09:00:00,INT_005,1132
2024-01-02 10:00:00,INT_005,426
2024-01-02 11:00:00,INT_005,450
2024-01-02 12:00:00,INT_005,809
2024-01-02 13:00:00,INT_005,829
2024-01-02 14:00:00,INT_005,801
2024-01-02 15:00:00,INT_005,438
2024-01-02 16:00:00,INT_005,483
2024-01-02 17:00:00,INT_005,1238
2024-01-02 18:00:00,INT_005,1258
2024-01-02 19:00:00,INT_005,1308
2024-01-02 20:00:00,INT_005,459
2024-01-02 21:00:00,INT_005,470
2024-01-02 22:00:00,INT_005,96
2024-01-02 23:00:00,INT_005,137
2024-01-03 00:00:00,INT_005,123
2024-01-03 01:00:00,INT_005,106
2024-01-03 02:00:00,INT_005,115
2024-01-03 03:00:00,INT_005,105
2024-01-03 04:00:00,INT_005,139
2024-01-03 05:00:00,INT_005,120
2024-01-03 06:00:00,INT_005,424
2024-01-03 07:00:00,INT_005,1112
2024-01-03 08:00:00,INT_005,1111
2024-01-03 09:00:00,INT_005,1101
2024-01-03 10:00:00,INT_005,431
2024-01-03 11:00:00,INT_005,460
2024-01-03 12:00:00,INT_005,792
2024-01-03 13:00:00,INT_005,793
2024-01-03 14:00:00,INT_005,852
2024-01-03 15:00:00,INT_005,457
2024-01-03 16:00:00,INT_005,460
2024-01-03 17:00:00,INT_005,1263
2024-01-03 18:00:00,INT_005,1264
2024-01-03 19:00:00,INT_005,1236
2024-01-03 20:00:00,INT_005,444
2024-01-03 21:00:00,INT_005,462
2024-01-03 22:00:00,INT_005,127
2024-01-03 23:00:00,INT_005,79
2024-01-04 00:00:00,INT_005,130
2024-01-04 01:00:00,INT_005,156
2024-01-04 02:00:00,INT_005,169
2024-01-04 03:00:00,INT_005,133
2024-01-04 04:00:00,INT_005,135
2024-01-04 05:00:00,INT_005,119
2024-01-04 06:00:00,INT_005,418
2024-01-04 07:00:00,INT_005,1109
2024-01-04 08:00:00,INT_005,1108
2024-01-04 09:00:00,INT_005,1146
2024-01-04 10:00:00,INT_005,422
2024-01-04 11:00:00,INT_005,441
2024-01-04 12:00:00,INT_005,808
2024-01-04 13:00:00,INT_005,809
2024-01-04 14:00:00,INT_005,815
2024-01-04 15:00:00,INT_005,450
2024-01-04 16:00:00,INT_005,483
2024-01-04 17:00:00,INT_005,1247
2024-01-04 18:00:00,INT_005,1244
2024-01-04 19:00:00,INT_005,1236
2024-01-04 20:00:00,INT_005,426
2024-01-04 21:00:00,INT_005,444
2024-01-04 22:00:00,INT_005,133
2024-01-04 23:00:00,INT_005,147
2024-01-05 00:00:00,INT_005,112
2024-01-05 01:00:00,INT_005,152
2024-01-05 02:00:00,INT_005,140
2024-01-05 03:00:00,INT_005,141
2024-01-05 04:00:00,INT_005,150
2024-01-05 05:00:00,INT_005,139
2024-01-05 06:00:00,INT_005,431
2024-01-05 07:00:00,INT_005,1125
2024-01-05 08:00:00,INT_005,1110
2024-01-05 09:00:00,INT_005,1106
2024-01-05 10:00:00,INT_005,435
2024-01-05 11:00:00,INT_005,448
2024-01-05 12:00:00,INT_005,787
2024-01-05 13:00:00,INT_005,805
2024-01-05 14:00:00,INT_005,849
2024-01-05 15:00:00,INT_005,451
2024-01-05 16:00:00,INT_005,467
2024-01-05 17:00:00,INT_005,1224
2024-01-05 18:00:00,INT_005,1244
2024-01-05 19:00:00,INT_005,1263
2024-01-05 20:00:00,INT_005,460
2024-01-05 21:00:00,INT_005,486
2024-01-05 22:00:00,INT_005,142
2024-01-05 23:00:00,INT_005,143
2024-01-06 00:00:00,INT_005,82
2024-01-06 01:00:00,INT_005,81
2024-01-06 02:00:00,INT_005,95
2024-01-06 03:00:00,INT_005,119
2024-01-06 04:00:00,INT_005,98
2024-01-06 05:00:00,INT_005,116
2024-01-06 06:00:00,INT_005,352
2024-01-06 07:00:00,INT_005,927
2024-01-06 08:00:00,INT_005,909
2024-01-06 09:00:00,INT_005,895
2024-01-06 10:00:00,INT_005,362
2024-01-06 11:00:00,INT_005,403
2024-01-06 12:00:00,INT_005,676
2024-01-06 13:00:00,INT_005,641
2024-01-06 14:00:00,INT_005,685
2024-01-06 15:00:00,INT_005,393
2024-01-06 16:00:00,INT_005,329
2024-01-06 17:00:00,INT_005,988
2024-01-06 18:00:00,INT_005,1007
2024-01-06 19:00:00,INT_005,999
2024-01-06 20:00:00,INT_005,351
2024-01-06 21:00:00,INT_005,342
2024-01-06 22:00:00,INT_005,110
2024-01-06 23:00:00,INT_005,124
2024-01-07 00:00:00,INT_005,78
2024-01-07 01:00:00,INT_005,121
2024-01-07 02:00:00,INT_005,125
2024-01-07 03:00:00,INT_005,102
2024-01-07 04:00:00,INT_005,81
2024-01-07 05:00:00,INT_005,115
2024-01-07 06:00:00,INT_005,330
2024-01-07 07:00:00,INT_005,894
2024-01-07 08:00:00,INT_005,930
2024-01-07 09:00:00,INT_005,886
2024-01-07 10:00:00,INT_005,373
2024-01-07 11:00:00,INT_005,327
2024-01-07 12:00:00,INT_005,634
2024-01-07 13:00:00,INT_005,657
2024-01-07 14:00:00,INT_005,658
2024-01-07 15:00:00,INT_005,344
2024-01-07 16:00:00,INT_005,360
2024-01-07 17:00:00,INT_005,1051
2024-01-07 18:00:00,INT_005,1001
2024-01-07 19:00:00,INT_005,985
2024-01-07 20:00:00,INT_005,368
2024-01-07 21:00:00,INT_005,331
2024-01-07 22:00:00,INT_005,109
2024-01-07 23:00:00,INT_005,128
2024-01-08 00:00:00,INT_005,148
2024-01-08 01:00:00,INT_005,158
2024-01-08 02:00:00,INT_005,138
2024-01-08 03:00:00,INT_005,136
2024-01-08 04:00:00,INT_005,159
2024-01-08 05:00:00,INT_005,126
2024-01-08 06:00:00,INT_005,438
2024-01-08 07:00:00,INT_005,1122
2024-01-08 08:00:00,INT_005,1145
2024-01-08 09:00:00,INT_005,1112
2024-01-08 10:00:00,INT_005,428
2024-01-08 11:00:00,INT_005,432
2024-01-08 12:00:00,INT_005,811
2024-01-08 13:00:00,INT_005,826
2024-01-08 14:00:00,INT_005,791
2024-01-08 15:00:00,INT_005,460
2024-01-08 16:00:00,INT_005,464
2024-01-08 17:00:00,INT_005,1271
2024-01-08 18:00:00,INT_005,1253
2024-01-08 19:00:00,INT_005,1245
2024-01-08 20:00:00,INT_005,460
2024-01-08 21:00:00,INT_005,444
2024-01-08 22:00:00,INT_005,166
2024-01-08 23:00:00,INT_005,147
2024-01-09 00:00:00,INT_005,122
2024-01-09 01:00:00,INT_005,138
2024-01-09 02:00:00,INT_005,127
2024-01-09 03:00:00,INT_005,108
2024-01-09 04:00:00,INT_005,150
2024-01-09 05:00:00,INT_005,144
2024-01-09 06:00:00,INT_005,453
2024-01-09 07:00:00,INT_005,1100
2024-01-09 08:00:00,INT_005,1093
2024-01-09 09:00:00,INT_005,1106
2024-01-09 10:00:00,INT_005,447
2024-01-09 11:00:00,INT_005,470
2024-01-09 12:00:00,INT_005,814
2024-01-09 13:00:00,INT_005,810
2024-01-09 14:00:00,INT_005,812
2024-01-09 15:00:00,INT_005,453
2024-01-09 16:00:00,INT_005,465
2024-01-09 17:00:00,INT_005,1271
2024-01-09 18:00:00,INT_005,1273
2024-01-09 19:00:00,INT_005,1279
2024-01-09 20:00:00,INT_005,439
2024-01-09 21:00:00,INT_005,463
2024-01-09 22:00:00,INT_005,137
2024-01-09 23:00:00,INT_005,149
2024-01-10 00:00:00,INT_005,129
2024-01-10 01:00:00,INT_005,131
2024-01-10 02:00:00,INT_005,107
2024-01-10 03:00:00,INT_005,138
2024-01-10 04:00:00,INT_005,122
2024-01-10 05:00:00,INT_005,172
2024-01-10 06:00:00,INT_005,453
2024-01-10 07:00:00,INT_005,1110
2024-01-10 08:00:00,INT_005,1165
2024-01-10 09:00:00,INT_005,1111
2024-01-10 10:00:00,INT_005,466
2024-01-10 11:00:00,INT_005,430
2024-01-10 12:00:00,INT_005,784
2024-01-10 13:00:00,INT_005,809
2024-01-10 14:00:00,INT_005,812
2024-01-10 15:00:00,INT_005,442
2024-01-10 16:00:00,INT_005,458
2024-01-10 17:00:00,INT_005,1235
2024-01-10 18:00:00,INT_005,1212
2024-01-10 19:00:00,INT_005,1225
2024-01-10 20:00:00,INT_005,444
2024-01-10 21:00:00,INT_005,490
2024-01-10 22:00:00,INT_005,120
2024-01-10 23:00:00,INT_005,141
2024-01-11 00:00:00,INT_005,116
2024-01-11 01:00:00,INT_005,138
2024-01-11 02:00:00,INT_005,138
2024-01-11 03:00:00,INT_005,165
2024-01-11 04:00:00,INT_005,150
2024-01-11 05:00:00,INT_005,154
2024-01-11 06:00:00,INT_005,510
2024-01-11 07:00:00,INT_005,1119
2024-01-11 08:00:00,INT_005,1126
2024-01-11 09:00:00,INT_005,1113
2024-01-11 10:00:00,INT_005,446
2024-01-11 11:00:00,INT_005,466
2024-01-11 12:00:00,INT_005,810
2024-01-11 13:00:00,INT_005,803
2024-01-11 14:00:00,INT_005,811
2024-01-11 15:00:00,INT_005,445
2024-01-11 16:00:00,INT_005,463
2024-01-11 17:00:00,INT_005,1240
2024-01-11 18:00:00,INT_005,1266
2024-01-11 19:00:00,INT_005,1247
2024-01-11 20:00:00,INT_005,445
2024-01-11 21:00:00,INT_005,476
2024-01-11 22:00:00,INT_005,113
2024-01-11 23:00:00,INT_005,138
2024-01-12 00:00:00,INT_005,114
2024-01-12 01:00:00,INT_005,157
2024-01-12 02:00:00,INT_005,142
2024-01-12 03:00:00,INT_005,146
2024-01-12 04:00:00,INT_005,83
2024-01-12 05:00:00,INT_005,163
2024-01-12 06:00:00,INT_005,429
2024-01-12 07:00:00,INT_005,1135
2024-01-12 08:00:00,INT_005,1161
2024-01-12 09:00:00,INT_005,1116
2024-01-12 10:00:00,INT_005,442
2024-01-12 11:00:00,INT_005,452
2024-01-12 12:00:00,INT_005,808
2024-01-12 13:00:00,INT_005,804
2024-01-12 14:00:00,INT_005,830
2024-01-12 15:00:00,INT_005,402
2024-01-12 16:00:00,INT_005,434
2024-01-12 17:00:00,INT_005,1261
2024-01-12 18:00:00,INT_005,1264
2024-01-12 19:00:00,INT_005,1240
2024-01-12 20:00:00,INT_005,450
2024-01-12 21:00:00,INT_005,446
2024-01-12 22:00:00,INT_005,104
2024-01-12 23:00:00,INT_005,149
2024-01-13 00:00:00,INT_005,117
2024-01-13 01:00:00,INT_005,131
2024-01-13 02:00:00,INT_005,104
2024-01-13 03:00:00,INT_005,112
2024-01-13 04:00:00,INT_005,95
2024-01-13 05:00:00,INT_005,112
2024-01-13 06:00:00,INT_005,366
2024-01-13 07:00:00,INT_005,899
2024-01-13 08:00:00,INT_005,903
2024-01-13 09:00:00,INT_005,865
2024-01-13 10:00:00,INT_005,344
2024-01-13 11:00:00,INT_005,348
2024-01-13 12:00:00,INT_005,633
2024-01-13 13:00:00,INT_005,650
2024-01-13 14:00:00,INT_005,639
2024-01-13 15:00:00,INT_005,389
2024-01-13 16:00:00,INT_005,360
2024-01-13 17:00:00,INT_005,1031
2024-01-13 18:00:00,INT_005,1002
2024-01-13 19:00:00,INT_005,1038
2024-01-13 20:00:00,INT_005,379
2024-01-13 21:00:00,INT_005,353
2024-01-13 22:00:00,INT_005,87
2024-01-13 23:00:00,INT_005,135
2024-01-14 00:00:00,INT_005,110
2024-01-14 01:00:00,INT_005,132
2024-01-14 02:00:00,INT_005,107
2024-01-14 03:00:00,INT_005,85
2024-01-14 04:00:00,INT_005,134
2024-01-14 05:00:00,INT_005,88
2024-01-14 06:00:00,INT_005,357
2024-01-14 07:00:00,INT_005,901
2024-01-14 08:00:00,INT_005,907
2024-01-14 09:00:00,INT_005,884
2024-01-14 10:00:00,INT_005,347
2024-01-14 11:00:00,INT_005,358
2024-01-14 12:00:00,INT_005,639
2024-01-14 13:00:00,INT_005,637
2024-01-14 14:00:00,INT_005,663
2024-01-14 15:00:00,INT_005,307
2024-01-14 16:00:00,INT_005,347
2024-01-14 17:00:00,INT_005,990
2024-01-14 18:00:00,INT_005,1001
2024-01-14 19:00:00,INT_005,984
2024-01-14 20:00:00,INT_005,337
2024-01-14 21:00:00,INT_005,382
2024-01-14 22:00:00,INT_005,101
2024-01-14 23:00:00,INT_005,90
2024-01-15 00:00:00,INT_005,115
2024-01-15 01:00:00,INT_005,115
2024-01-15 02:00:00,INT_005,123
2024-01-15 03:00:00,INT_005,154
2024-01-15 04:00:00,INT_005,162
2024-01-15 05:00:00,INT_005,120
2024-01-15 06:00:00,INT_005,448
2024-01-15 07:00:00,INT_005,1145
2024-01-15 08:00:00,INT_005,1126
2024-01-15 09:00:00,INT_005,1130
2024-01-15 10:00:00,INT_005,416
2024-01-15 11:00:00,INT_005,449
2024-01-15 12:00:00,INT_005,815
2024-01-15 13:00:00,INT_005,832
2024-01-15 14:00:00,INT_005,836
2024-01-15 15:00:00,INT_005,448
2024-01-15 16:00:00,INT_005,449
2024-01-15 17:00:00,INT_005,1238
2024-01-15 18:00:00,INT_005,1218
2024-01-15 19:00:00,INT_005,1260
2024-01-15 20:00:00,INT_005,466
2024-01-15 21:00:00,INT_005,480
2024-01-15 22:00:00,INT_005,107
2024-01-15 23:00:00,INT_005,116
2024-01-16 00:00:00,INT_005,141
2024-01-16 01:00:00,INT_005,124
2024-01-16 02:00:00,INT_005,112
2024-01-16 03:00:00,INT_005,111
2024-01-16 04:00:00,INT_005,128
2024-01-16 05:00:00,INT_005,141
2024-01-16 06:00:00,INT_005,456
2024-01-16 07:00:00,INT_005,1144
2024-01-16 08:00:00,INT_005,1111
2024-01-16 09:00:00,INT_005,1116
2024-01-16 10:00:00,INT_005,480
2024-01-16 11:00:00,INT_005,460
2024-01-16 12:00:00,INT_005,825
2024-01-16 13:00:00,INT_005,805
2024-01-16 14:00:00,INT_005,835
2024-01-16 15:00:00,INT_005,416
2024-01-16 16:00:00,INT_005,417
2024-01-16 17:00:00,INT_005,1253
2024-01-16 18:00:00,INT_005,1252
2024-01-16 19:00:00,INT_005,1256
2024-01-16 20:00:00,INT_005,455
2024-01-16 21:00:00,INT_005,456
2024-01-16 22:00:00,INT_005,139
2024-01-16 23:00:00,INT_005,123
2024-01-17 00:00:00,INT_005,153
2024-01-17 01:00:00,INT_005,151
2024-01-17 02:00:00,INT_005,130
2024-01-17 03:00:00,INT_005,162
2024-01-17 04:00:00,INT_005,161
2024-01-17 05:00:00,INT_005,143
2024-01-17 06:00:00,INT_005,428
2024-01-17 07:00:00,INT_005,1126
2024-01-17 08:00:00,INT_005,1128
2024-01-17 09:00:00,INT_005,1086
2024-01-17 10:00:00,INT_005,427
2024-01-17 11:00:00,INT_005,403
2024-01-17 12:00:00,INT_005,820
2024-01-17 13:00:00,INT_005,795
2024-01-17 14:00:00,INT_005,773
2024-01-17 15:00:00,INT_005,444
2024-01-17 16:00:00,INT_005,431
2024-01-17 17:00:00,INT_005,1261
2024-01-17 18:00:00,INT_005,1254
2024-01-17 19:00:00,INT_005,1259
2024-01-17 20:00:00,INT_005,438
2024-01-17 21:00:00,INT_005,461
2024-01-17 22:00:00,INT_005,129
2024-01-17 23:00:00,INT_005,113
2024-01-18 00:00:00,INT_005,139
2024-01-18 01:00:00,INT_005,127
2024-01-18 02:00:00,INT_005,152
2024-01-18 03:00:00,INT_005,146
2024-01-18 04:00:00,INT_005,111
2024-01-18 05:00:00,INT_005,113
2024-01-18 06:00:00,INT_005,466
2024-01-18 07:00:00,INT_005,1077
2024-01-18 08:00:00,INT_005,1124
2024-01-18 09:00:00,INT_005,1144
2024-01-18 10:00:00,INT_005,423
2024-01-18 11:00:00,INT_005,444
2024-01-18 12:00:00,INT_005,788
2024-01-18 13:00:00,INT_005,840
2024-01-18 14:00:00,INT_005,819
2024-01-18 15:00:00,INT_005,411
2024-01-18 16:00:00,INT_005,436
2024-01-18 17:00:00,INT_005,1282
2024-01-18 18:00:00,INT_005,1239
2024-01-18 19:00:00,INT_005,1268
2024-01-18 20:00:00,INT_005,494
2024-01-18 21:00:00,INT_005,461
2024-01-18 22:00:00,INT_005,113
2024-01-18 23:00:00,INT_005,97
2024-01-19 00:00:00,INT_005,153
2024-01-19 01:00:00,INT_005,143
2024-01-19 02:00:00,INT_005,129
2024-01-19 03:00:00,INT_005,115
2024-01-19 04:00:00,INT_005,141
2024-01-19 05:00:00,INT_005,105
2024-01-19 06:00:00,INT_005,424
2024-01-19 07:00:00,INT_005,1134
2024-01-19 08:00:00,INT_005,1107
2024-01-19 09:00:00,INT_005,1141
2024-01-19 10:00:00,INT_005,465
2024-01-19 11:00:00,INT_005,474
2024-01-19 12:00:00,INT_005,824
2024-01-19 13:00:00,INT_005,782
2024-01-19 14:00:00,INT_005,775
2024-01-19 15:00:00,INT_005,477
2024-01-19 16:00:00,INT_005,424
2024-01-19 17:00:00,INT_005,1267
2024-01-19 18:00:00,INT_005,1250
2024-01-19 19:00:00,INT_005,1274
2024-01-19 20:00:00,INT_005,439
2024-01-19 21:00:00,INT_005,432
2024-01-19 22:00:00,INT_005,130
2024-01-19 23:00:00,INT_005,135
2024-01-20 00:00:00,INT_005,117
2024-01-20 01:00:00,INT_005,89
2024-01-20 02:00:00,INT_005,152
2024-01-20 03:00:00,INT_005,89
2024-01-20 04:00:00,INT_005,109
2024-01-20 05:00:00,INT_005,126
2024-01-20 06:00:00,INT_005,344
2024-01-20 07:00:00,INT_005,905
2024-01-20 08:00:00,INT_005,874
2024-01-20 09:00:00,INT_005,904
2024-01-20 10:00:00,INT_005,360
2024-01-20 11:00:00,INT_005,372
2024-01-20 12:00:00,INT_005,655
2024-01-20 13:00:00,INT_005,614
2024-01-20 14:00:00,INT_005,640
2024-01-20 15:00:00,INT_005,354
2024-01-20 16:00:00,INT_005,373
2024-01-20 17:00:00,INT_005,1026
2024-01-20 18:00:00,INT_005,1016
2024-01-20 19:00:00,INT_005,981
2024-01-20 20:00:00,INT_005,352
2024-01-20 21:00:00,INT_005,369
2024-01-20 22:00:00,INT_005,98
2024-01-20 23:00:00,INT_005,94
2024-01-21 00:00:00,INT_005,71
2024-01-21 01:00:00,INT_005,86
2024-01-21 02:00:00,INT_005,119
2024-01-21 03:00:00,INT_005,75
2024-01-21 04:00:00,INT_005,99
2024-01-21 05:00:00,INT_005,105
2024-01-21 06:00:00,INT_005,364
2024-01-21 07:00:00,INT_005,914
2024-01-21 08:00:00,INT_005,882
2024-01-21 09:00:00,INT_005,900
2024-01-21 10:00:00,INT_005,342
2024-01-21 11:00:00,INT_005,350
2024-01-21 12:00:00,INT_005,641
2024-01-21 13:00:00,INT_005,625
2024-01-21 14:00:00,INT_005,666
2024-01-21 15:00:00,INT_005,372
2024-01-21 16:00:00,INT_005,367
2024-01-21 17:00:00,INT_005,997
2024-01-21 18:00:00,INT_005,1006
2024-01-21 19:00:00,INT_005,1023
2024-01-21 20:00:00,INT_005,372
2024-01-21 21:00:00,INT_005,371
2024-01-21 22:00:00,INT_005,139
2024-01-21 23:00:00,INT_005,77
2024-01-22 00:00:00,INT_005,127
2024-01-22 01:00:00,INT_005,121
2024-01-22 02:00:00,INT_005,150
2024-01-22 03:00:00,INT_005,89
2024-01-22 04:00:00,INT_005,125
2024-01-22 05:00:00,INT_005,159
2024-01-22 06:00:00,INT_005,437
2024-01-22 07:00:00,INT_005,1123
2024-01-22 08:00:00,INT_005,1117
2024-01-22 09:00:00,INT_005,1113
2024-01-22 10:00:00,INT_005,466
2024-01-22 11:00:00,INT_005,461
2024-01-22 12:00:00,INT_005,801
2024-01-22 13:00:00,INT_005,799
2024-01-22 14:00:00,INT_005,819
2024-01-22 15:00:00,INT_005,436
2024-01-22 16:00:00,INT_005,435
2024-01-22 17:00:00,INT_005,1266
2024-01-22 18:00:00,INT_005,1248
2024-01-22 19:00:00,INT_005,1285
2024-01-22 20:00:00,INT_005,445
2024-01-22 21:00:00,INT_005,429
2024-01-22 22:00:00,INT_005,122
2024-01-22 23:00:00,INT_005,169
2024-01-23 00:00:00,INT_005,145
2024-01-23 01:00:00,INT_005,127
2024-01-23 02:00:00,INT_005,155
2024-01-23 03:00:00,INT_005,147
2024-01-23 04:00:00,INT_005,136
2024-01-23 05:00:00,INT_005,138
2024-01-23 06:00:00,INT_005,419
2024-01-23 07:00:00,INT_005,1181
2024-01-23 08:00:00,INT_005,1125
2024-01-23 09:00:00,INT_005,1113
2024-01-23 10:00:00,INT_005,440
2024-01-23 11:00:00,INT_005,410
2024-01-23 12:00:00,INT_005,809
2024-01-23 13:00:00,INT_005,841
2024-01-23 14:00:00,INT_005,834
2024-01-23 15:00:00,INT_005,458
2024-01-23 16:00:00,INT_005,435
2024-01-23 17:00:00,INT_005,1254
2024-01-23 18:00:00,INT_005,1234
2024-01-23 19:00:00,INT_005,1244
2024-01-23 20:00:00,INT_005,476
2024-01-23 21:00:00,INT_005,452
2024-01-23 22:00:00,INT_005,118
2024-01-23 23:00:00,INT_005,152
2024-01-24 00:00:00,INT_005,117
2024-01-24 01:00:00,INT_005,112
2024-01-24 02:00:00,INT_005,122
2024-01-24 03:00:00,INT_005,170
2024-01-24 04:00:00,INT_005,162
2024-01-24 05:00:00,INT_005,130
2024-01-24 06:00:00,INT_005,420
2024-01-24 07:00:00,INT_005,1106
2024-01-24 08:00:00,INT_005,1155
2024-01-24 09:00:00,INT_005,1127
2024-01-24 10:00:00,INT_005,408
2024-01-24 11:00:00,INT_005,441
2024-01-24 12:00:00,INT_005,792
2024-01-24 13:00:00,INT_005,811
2024-01-24 14:00:00,INT_005,782
2024-01-24 15:00:00,INT_005,442
2024-01-24 16:00:00,INT_005,413
2024-01-24 17:00:00,INT_005,1264
2024-01-24 18:00:00,INT_005,1260
2024-01-24 19:00:00,INT_005,1250
2024-01-24 20:00:00,INT_005,450
2024-01-24 21:00:00,INT_005,418
2024-01-24 22:00:00,INT_005,164
2024-01-24 23:00:00,INT_005,124
2024-01-25 00:00:00,INT_005,120
2024-01-25 01:00:00,INT_005,152
2024-01-25 02:00:00,INT_005,146
2024-01-25 03:00:00,INT_005,145
2024-01-25 04:00:00,INT_005,129
2024-01-25 05:00:00,INT_005,133
2024-01-25 06:00:00,INT_005,430
2024-01-25 07:00:00,INT_005,1095
2024-01-25 08:00:00,INT_005,1115
2024-01-25 09:00:00,INT_005,1108
2024-01-25 10:00:00,INT_005,421
2024-01-25 11:00:00,INT_005,442
2024-01-25 12:00:00,INT_005,838
2024-01-25 13:00:00,INT_005,802
2024-01-25 14:00:00,INT_005,802
2024-01-25 15:00:00,INT_005,450
2024-01-25 16:00:00,INT_005,478
2024-01-25 17:00:00,INT_005,1268
2024-01-25 18:00:00,INT_005,1297
2024-01-25 19:00:00,INT_005,1257
2024-01-25 20:00:00,INT_005,425
2024-01-25 21:00:00,INT_005,482
2024-01-25 22:00:00,INT_005,111
2024-01-25 23:00:00,INT_005,105
2024-01-26 00:00:00,INT_005,133
2024-01-26 01:00:00,INT_005,113
2024-01-26 02:00:00,INT_005,134
2024-01-26 03:00:00,INT_005,112
2024-01-26 04:00:00,INT_005,130
2024-01-26 05:00:00,INT_005,120
2024-01-26 06:00:00,INT_005,424
2024-01-26 07:00:00,INT_005,1132
2024-01-26 08:00:00,INT_005,1149
2024-01-26 09:00:00,INT_005,1112
2024-01-26 10:00:00,INT_005,496
2024-01-26 11:00:00,INT_005,474
2024-01-26 12:00:00,INT_005,803
2024-01-26 13:00:00,INT_005,792
2024-01-26 14:00:00,INT_005,806
2024-01-26 15:00:00,INT_005,454
2024-01-26 16:00:00,INT_005,458
2024-01-26 17:00:00,INT_005,1226
2024-01-26 18:00:00,INT_005,1264
2024-01-26 19:00:00,INT_005,1248
2024-01-26 20:00:00,INT_005,407
2024-01-26 21:00:00,INT_005,420
2024-01-26 22:00:00,INT_005,145
2024-01-26 23:00:00,INT_005,174
2024-01-27 00:00:00,INT_005,131
2024-01-27 01:00:00,INT_005,102
2024-01-27 02:00:00,INT_005,106
2024-01-27 03:00:00,INT_005,132
2024-01-27 04:00:00,INT_005,125
2024-01-27 05:00:00,INT_005,63
2024-01-27 06:00:00,INT_005,352
2024-01-27 07:00:00,INT_005,924
2024-01-27 08:00:00,INT_005,900
2024-01-27 09:00:00,INT_005,874
2024-01-27 10:00:00,INT_005,346
2024-01-27 11:00:00,INT_005,353
2024-01-27 12:00:00,INT_005,666
2024-01-27 13:00:00,INT_005,672
2024-01-27 14:00:00,INT_005,660
2024-01-27 15:00:00,INT_005,351
2024-01-27 16:00:00,INT_005,338
2024-01-27 17:00:00,INT_005,1016
2024-01-27 18:00:00,INT_005,1023
2024-01-27 19:00:00,INT_005,1031
2024-01-27 20:00:00,INT_005,397
2024-01-27 21:00:00,INT_005,358
2024-01-27 22:00:00,INT_005,86
2024-01-27 23:00:00,INT_005,112
2024-01-28 00:00:00,INT_005,62
2024-01-28 01:00:00,INT_005,126
2024-01-28 02:00:00,INT_005,97
2024-01-28 03:00:00,INT_005,98
2024-01-28 04:00:00,INT_005,123
2024-01-28 05:00:00,INT_005,80
2024-01-28 06:00:00,INT_005,359
2024-01-28 07:00:00,INT_005,879
2024-01-28 08:00:00,INT_005,915
2024-01-28 09:00:00,INT_005,891
2024-01-28 10:00:00,INT_005,384
2024-01-28 11:00:00,INT_005,328
2024-01-28 12:00:00,INT_005,688
2024-01-28 13:00:00,INT_005,666
2024-01-28 14:00:00,INT_005,629
2024-01-28 15:00:00,INT_005,348
2024-01-28 16:00:00,INT_005,328
2024-01-28 17:00:00,INT_005,991
2024-01-28 18:00:00,INT_005,1014
2024-01-28 19:00:00,INT_005,1040
2024-01-28 20:00:00,INT_005,365
2024-01-28 21:00:00,INT_005,358
2024-01-28 22:00:00,INT_005,145
2024-01-28 23:00:00,INT_005,113
2024-01-29 00:00:00,INT_005,141
2024-01-29 01:00:00,INT_005,137
2024-01-29 02:00:00,INT_005,130
2024-01-29 03:00:00,INT_005,115
2024-01-29 04:00:00,INT_005,140
2024-01-29 05:00:00,INT_005,135
2024-01-29 06:00:00,INT_005,453
2024-01-29 07:00:00,INT_005,1119
2024-01-29 08:00:00,INT_005,1121
2024-01-29 09:00:00,INT_005,1128
2024-01-29 10:00:00,INT_005,479
2024-01-29 11:00:00,INT_005,477
2024-01-29 12:00:00,INT_005,816
2024-01-29 13:00:00,INT_005,805
2024-01-29 14:00:00,INT_005,778
2024-01-29 15:00:00,INT_005,446
2024-01-29 16:00:00,INT_005,452
2024-01-29 17:00:00,INT_005,1241
2024-01-29 18:00:00,INT_005,1252
2024-01-29 19:00:00,INT_005,1238
2024-01-29 20:00:00,INT_005,465
2024-01-29 21:00:00,INT_005,477
2024-01-29 22:00:00,INT_005,108
2024-01-29 23:00:00,INT_005,131
2024-01-30 00:00:00,INT_005,140
2024-01-30 01:00:00,INT_005,156
2024-01-30 02:00:00,INT_005,155
2024-01-30 03:00:00,INT_005,132
2024-01-30 04:00:00,INT_005,161
2024-01-30 05:00:00,INT_005,121
2024-01-30 06:00:00,INT_005,443
2024-01-30 07:00:00,INT_005,1136
2024-01-30 08:00:00,INT_005,1139
2024-01-30 09:00:00,INT_005,1105
2024-01-30 10:00:00,INT_005,453
2024-01-30 11:00:00,INT_005,458
2024-01-30 12:00:00,INT_005,812
2024-01-30 13:00:00,INT_005,804
2024-01-30 14:00:00,INT_005,834
2024-01-30 15:00:00,INT_005,433
2024-01-30 16:00:00,INT_005,443
2024-01-30 17:00:00,INT_005,1266
2024-01-30 18:00:00,INT_005,1290
2024-01-30 19:00:00,INT_005,1251
2024-01-30 20:00:00,INT_005,427
2024-01-30 21:00:00,INT_005,467
2024-01-30 22:00:00,INT_005,154
2024-01-30 23:00:00,INT_005,143
2024-01-31 00:00:00,INT_005,118
2024-01-31 01:00:00,INT_005,108
2024-01-31 02:00:00,INT_005,167
2024-01-31 03:00:00,INT_005,167
2024-01-31 04:00:00,INT_005,144
2024-01-31 05:00:00,INT_005,139
2024-01-31 06:00:00,INT_005,453
2024-01-31 07:00:00,INT_005,1135
2024-01-31 08:00:00,INT_005,1146
2024-01-31 09:00:00,INT_005,1085
2024-01-31 10:00:00,INT_005,427
2024-01-31 11:00:00,INT_005,423
2024-01-31 12:00:00,INT_005,805
2024-01-31 13:00:00,INT_005,824
2024-01-31 14:00:00,INT_005,843
2024-01-31 15:00:00,INT_005,456
2024-01-31 16:00:00,INT_005,468
2024-01-31 17:00:00,INT_005,1251
2024-01-31 18:00:00,INT_005,1267
2024-01-31 19:00:00,INT_005,1244
2024-01-31 20:00:00,INT_005,437
2024-01-31 21:00:00,INT_005,458
2024-01-31 22:00:00,INT_005,118
2024-01-31 23:00:00,INT_005,131
2024-02-01 00:00:00,INT_005,176
2024-02-01 01:00:00,INT_005,98
2024-02-01 02:00:00,INT_005,144
2024-02-01 03:00:00,INT_005,138
2024-02-01 04:00:00,INT_005,156
2024-02-01 05:00:00,INT_005,121
2024-02-01 06:00:00,INT_005,445
2024-02-01 07:00:00,INT_005,1116
2024-02-01 08:00:00,INT_005,1120
2024-02-01 09:00:00,INT_005,1135
2024-02-01 10:00:00,INT_005,490
2024-02-01 11:00:00,INT_005,454
2024-02-01 12:00:00,INT_005,798
2024-02-01 13:00:00,INT_005,778
2024-02-01 14:00:00,INT_005,788
2024-02-01 15:00:00,INT_005,487
2024-02-01 16:00:00,INT_005,416
2024-02-01 17:00:00,INT_005,1247
2024-02-01 18:00:00,INT_005,1276
2024-02-01 19:00:00,INT_005,1253
2024-02-01 20:00:00,INT_005,445
2024-02-01 21:00:00,INT_005,467
2024-02-01 22:00:00,INT_005,112
2024-02-01 23:00:00,INT_005,143
2024-02-02 00:00:00,INT_005,150
2024-02-02 01:00:00,INT_005,167
2024-02-02 02:00:00,INT_005,137
2024-02-02 03:00:00,INT_005,122
2024-02-02 04:00:00,INT_005,143
2024-02-02 05:00:00,INT_005,127
2024-02-02 06:00:00,INT_005,451
2024-02-02 07:00:00,INT_005,1148
2024-02-02 08:00:00,INT_005,1120
2024-02-02 09:00:00,INT_005,1126
2024-02-02 10:00:00,INT_005,459
2024-02-02 11:00:00,INT_005,451
2024-02-02 12:00:00,INT_005,804
2024-02-02 13:00:00,INT_005,841
2024-02-02 14:00:00,INT_005,801
2024-02-02 15:00:00,INT_005,395
2024-02-02 16:00:00,INT_005,480
2024-02-02 17:00:00,INT_005,1308
2024-02-02 18:00:00,INT_005,1234
2024-02-02 19:00:00,INT_005,1220
2024-02-02 20:00:00,INT_005,443
2024-02-02 21:00:00,INT_005,466
2024-02-02 22:00:00,INT_005,114
2024-02-02 23:00:00,INT_005,110
2024-02-03 00:00:00,INT_005,116
2024-02-03 01:00:00,INT_005,107
2024-02-03 02:00:00,INT_005,123
2024-02-03 03:00:00,INT_005,85
2024-02-03 04:00:00,INT_005,123
2024-02-03 05:00:00,INT_005,91
2024-02-03 06:00:00,INT_005,386
2024-02-03 07:00:00,INT_005,910
2024-02-03 08:00:00,INT_005,911
2024-02-03 09:00:00,INT_005,900
2024-02-03 10:00:00,INT_005,337
2024-02-03 11:00:00,INT_005,357
2024-02-03 12:00:00,INT_005,638
2024-02-03 13:00:00,INT_005,622
2024-02-03 14:00:00,INT_005,645
2024-02-03 15:00:00,INT_005,377
2024-02-03 16:00:00,INT_005,348
2024-02-03 17:00:00,INT_005,983
2024-02-03 18:00:00,INT_005,1024
2024-02-03 19:00:00,INT_005,987
2024-02-03 20:00:00,INT_005,373
2024-02-03 21:00:00,INT_005,419
2024-02-03 22:00:00,INT_005,100
2024-02-03 23:00:00,INT_005,132
2024-02-04 00:00:00,INT_005,104
2024-02-04 01:00:00,INT_005,99
2024-02-04 02:00:00,INT_005,73
2024-02-04 03:00:00,INT_005,117
2024-02-04 04:00:00,INT_005,121
2024-02-04 05:00:00,INT_005,101
2024-02-04 06:00:00,INT_005,325
2024-02-04 07:00:00,INT_005,943
2024-02-04 08:00:00,INT_005,935
2024-02-04 09:00:00,INT_005,907
2024-02-04 10:00:00,INT_005,340
2024-02-04 11:00:00,INT_005,349
2024-02-04 12:00:00,INT_005,659
2024-02-04 13:00:00,INT_005,642
2024-02-04 14:00:00,INT_005,663
2024-02-04 15:00:00,INT_005,365
2024-02-04 16:00:00,INT_005,344
2024-02-04 17:00:00,INT_005,1006
2024-02-04 18:00:00,INT_005,974
2024-02-04 19:00:00,INT_005,1016
2024-02-04 20:00:00,INT_005,373
2024-02-04 21:00:00,INT_005,388
2024-02-04 22:00:00,INT_005,81
2024-02-04 23:00:00,INT_005,85
2024-02-05 00:00:00,INT_005,131
2024-02-05 01:00:00,INT_005,146
2024-02-05 02:00:00,INT_005,143
2024-02-05 03:00:00,INT_005,134
2024-02-05 04:00:00,INT_005,155
2024-02-05 05:00:00,INT_005,104
2024-02-05 06:00:00,INT_005,439
2024-02-05 07:00:00,INT_005,1097
2024-02-05 08:00:00,INT_005,1150
2024-02-05 09:00:00,INT_005,1134
2024-02-05 10:00:00,INT_005,412
2024-02-05 11:00:00,INT_005,459
2024-02-05 12:00:00,INT_005,797
2024-02-05 13:00:00,INT_005,842
2024-02-05 14:00:00,INT_005,798
2024-02-05 15:00:00,INT_005,482
2024-02-05 16:00:00,INT_005,468
2024-02-05 17:00:00,INT_005,1252
2024-02-05 18:00:00,INT_005,1296
2024-02-05 19:00:00,INT_005,1244
2024-02-05 20:00:00,INT_005,456
2024-02-05 21:00:00,INT_005,493
2024-02-05 22:00:00,INT_005,148
2024-02-05 23:00:00,INT_005,153
2024-02-06 00:00:00,INT_005,120
2024-02-06 01:00:00,INT_005,143
2024-02-06 02:00:00,INT_005,169
2024-02-06 03:00:00,INT_005,142
2024-02-06 04:00:00,INT_005,137
2024-02-06 05:00:00,INT_005,133
2024-02-06 06:00:00,INT_005,472
2024-02-06 07:00:00,INT_005,1136
2024-02-06 08:00:00,INT_005,1153
2024-02-06 09:00:00,INT_005,1152
2024-02-06 10:00:00,INT_005,450
2024-02-06 11:00:00,INT_005,460
2024-02-06 12:00:00,INT_005,819
2024-02-06 13:00:00,INT_005,820
2024-02-06 14:00:00,INT_005,792
2024-02-06 15:00:00,INT_005,470
2024-02-06 16:00:00,INT_005,464
2024-02-06 17:00:00,INT_005,1270
2024-02-06 18:00:00,INT_005,1232
2024-02-06 19:00:00,INT_005,1269
2024-02-06 20:00:00,INT_005,463
2024-02-06 21:00:00,INT_005,440
2024-02-06 22:00:00,INT_005,103
2024-02-06 23:00:00,INT_005,137
2024-02-07 00:00:00,INT_005,134
2024-02-07 01:00:00,INT_005,144
2024-02-07 02:00:00,INT_005,109
2024-02-07 03:00:00,INT_005,139
2024-02-07 04:00:00,INT_005,79
2024-02-07 05:00:00,INT_005,164
2024-02-07 06:00:00,INT_005,486
2024-02-07 07:00:00,INT_005,1087
2024-02-07 08:00:00,INT_005,1139
2024-02-07 09:00:00,INT_005,1123
2024-02-07 10:00:00,INT_005,455
2024-02-07 11:00:00,INT_005,435
2024-02-07 12:00:00,INT_005,807
2024-02-07 13:00:00,INT_005,782
2024-02-07 14:00:00,INT_005,787
2024-02-07 15:00:00,INT_005,461
2024-02-07 16:00:00,INT_005,448
2024-02-07 17:00:00,INT_005,1281
2024-02-07 18:00:00,INT_005,1256
2024-02-07 19:00:00,INT_005,1292
2024-02-07 20:00:00,INT_005,462
2024-02-07 21:00:00,INT_005,477
2024-02-07 22:00:00,INT_005,154
2024-02-07 23:00:00,INT_005,132
2024-02-08 00:00:00,INT_005,128
2024-02-08 01:00:00,INT_005,164
2024-02-08 02:00:00,INT_005,147
2024-02-08 03:00:00,INT_005,166
2024-02-08 04:00:00,INT_005,155
2024-02-08 05:00:00,INT_005,162
2024-02-08 06:00:00,INT_005,431
2024-02-08 07:00:00,INT_005,1107
2024-02-08 08:00:00,INT_005,1138
2024-02-08 09:00:00,INT_005,1133
2024-02-08 10:00:00,INT_005,486
2024-02-08 11:00:00,INT_005,467
2024-02-08 12:00:00,INT_005,795
2024-02-08 13:00:00,INT_005,809
2024-02-08 14:00:00,INT_005,831
2024-02-08 15:00:00,INT_005,456
2024-02-08 16:00:00,INT_005,470
2024-02-08 17:00:00,INT_005,1265
2024-02-08 18:00:00,INT_005,1244
2024-02-08 19:00:00,INT_005,1251
2024-02-08 20:00:00,INT_005,421
2024-02-08 21:00:00,INT_005,455
2024-02-08 22:00:00,INT_005,158
2024-02-08 23:00:00,INT_005,114
2024-02-09 00:00:00,INT_005,128
2024-02-09 01:00:00,INT_005,170
2024-02-09 02:00:00,INT_005,142
2024-02-09 03:00:00,INT_005,121
2024-02-09 04:00:00,INT_005,118
2024-02-09 05:00:00,INT_005,112
2024-02-09 06:00:00,INT_005,431
2024-02-09 07:00:00,INT_005,1109
2024-02-09 08:00:00,INT_005,1137
2024-02-09 09:00:00,INT_005,1121
2024-02-09 10:00:00,INT_005,443
2024-02-09 11:00:00,INT_005,444
2024-02-09 12:00:00,INT_005,794
2024-02-09 13:00:00,INT_005,796
2024-02-09 14:00:00,INT_005,829
2024-02-09 15:00:00,INT_005,462
2024-02-09 16:00:00,INT_005,466
2024-02-09 17:00:00,INT_005,1237
2024-02-09 18:00:00,INT_005,1291
2024-02-09 19:00:00,INT_005,1254
2024-02-09 20:00:00,INT_005,435
2024-02-09 21:00:00,INT_005,447
2024-02-09 22:00:00,INT_005,148
2024-02-09 23:00:00,INT_005,131
2024-02-10 00:00:00,INT_005,122
2024-02-10 01:00:00,INT_005,122
2024-02-10 02:00:00,INT_005,88
2024-02-10 03:00:00,INT_005,119
2024-02-10 04:00:00,INT_005,79
2024-02-10 05:00:00,INT_005,123
2024-02-10 06:00:00,INT_005,378
2024-02-10 07:00:00,INT_005,905
2024-02-10 08:00:00,INT_005,895
2024-02-10 09:00:00,INT_005,927
2024-02-10 10:00:00,INT_005,337
2024-02-10 11:00:00,INT_005,359
2024-02-10 12:00:00,INT_005,639
2024-02-10 13:00:00,INT_005,685
2024-02-10 14:00:00,INT_005,634
2024-02-10 15:00:00,INT_005,369
2024-02-10 16:00:00,INT_005,332
2024-02-10 17:00:00,INT_005,998
2024-02-10 18:00:00,INT_005,1028
2024-02-10 19:00:00,INT_005,1002
2024-02-10 20:00:00,INT_005,382
2024-02-10 21:00:00,INT_005,365
2024-02-10 22:00:00,INT_005,114
2024-02-10 23:00:00,INT_005,126
2024-02-11 00:00:00,INT_005,97
2024-02-11 01:00:00,INT_005,99
2024-02-11 02:00:00,INT_005,131
2024-02-11 03:00:00,INT_005,89
2024-02-11 04:00:00,INT_005,146
2024-02-11 05:00:00,INT_005,88
2024-02-11 06:00:00,INT_005,359
2024-02-11 07:00:00,INT_005,901
2024-02-11 08:00:00,INT_005,903
2024-02-11 09:00:00,INT_005,919
2024-02-11 10:00:00,INT_005,373
2024-02-11 11:00:00,INT_005,340
2024-02-11 12:00:00,INT_005,658
2024-02-11 13:00:00,INT_005,645
2024-02-11 14:00:00,INT_005,651
2024-02-11 15:00:00,INT_005,383
2024-02-11 16:00:00,INT_005,356
2024-02-11 17:00:00,INT_005,1035
2024-02-11 18:00:00,INT_005,1020
2024-02-11 19:00:00,INT_005,1023
2024-02-11 20:00:00,INT_005,314
2024-02-11 21:00:00,INT_005,373
2024-02-11 22:00:00,INT_005,105
2024-02-11 23:00:00,INT_005,102
2024-02-12 00:00:00,INT_005,165
2024-02-12 01:00:00,INT_005,168
2024-02-12 02:00:00,INT_005,112
2024-02-12 03:00:00,INT_005,160
2024-02-12 04:00:00,INT_005,127
2024-02-12 05:00:00,INT_005,148
2024-02-12 06:00:00,INT_005,459
2024-02-12 07:00:00,INT_005,1121
2024-02-12 08:00:00,INT_005,1116
2024-02-12 09:00:00,INT_005,1120
2024-02-12 10:00:00,INT_005,428
2024-02-12 11:00:00,INT_005,451
2024-02-12 12:00:00,INT_005,800
2024-02-12 13:00:00,INT_005,799
2024-02-12 14:00:00,INT_005,851
2024-02-12 15:00:00,INT_005,445
2024-02-12 16:00:00,INT_005,468
2024-02-12 17:00:00,INT_005,1271
2024-02-12 18:00:00,INT_005,1271
2024-02-12 19:00:00,INT_005,1231
2024-02-12 20:00:00,INT_005,441
2024-02-12 21:00:00,INT_005,457
2024-02-12 22:00:00,INT_005,100
2024-02-12 23:00:00,INT_005,132
2024-02-13 00:00:00,INT_005,157
2024-02-13 01:00:00,INT_005,119
2024-02-13 02:00:00,INT_005,98
2024-02-13 03:00:00,INT_005,152
2024-02-13 04:00:00,INT_005,170
2024-02-13 05:00:00,INT_005,163
2024-02-13 06:00:00,INT_005,478
2024-02-13 07:00:00,INT_005,1091
2024-02-13 08:00:00,INT_005,1127
2024-02-13 09:00:00,INT_005,1122
2024-02-13 10:00:00,INT_005,452
2024-02-13 11:00:00,INT_005,468
2024-02-13 12:00:00,INT_005,810
2024-02-13 13:00:00,INT_005,831
2024-02-13 14:00:00,INT_005,800
2024-02-13 15:00:00,INT_005,456
2024-02-13 16:00:00,INT_005,425
2024-02-13 17:00:00,INT_005,1266
2024-02-13 18:00:00,INT_005,1260
2024-02-13 19:00:00,INT_005,1236
2024-02-13 20:00:00,INT_005,433
2024-02-13 21:00:00,INT_005,469
2024-02-13 22:00:00,INT_005,117
2024-02-13 23:00:00,INT_005,144
2024-02-14 00:00:00,INT_005,150
2024-02-14 01:00:00,INT_005,103
2024-02-14 02:00:00,INT_005,131
2024-02-14 03:00:00,INT_005,163
2024-02-14 04:00:00,INT_005,128
2024-02-14 05:00:00,INT_005,143
2024-02-14 06:00:00,INT_005,481
2024-02-14 07:00:00,INT_005,1133
2024-02-14 08:00:00,INT_005,1132
2024-02-14 09:00:00,INT_005,1128
2024-02-14 10:00:00,INT_005,479
2024-02-14 11:00:00,INT_005,444
2024-02-14 12:00:00,INT_005,802
2024-02-14 13:00:00,INT_005,802
2024-02-14 14:00:00,INT_005,808
2024-02-14 15:00:00,INT_005,416
2024-02-14 16:00:00,INT_005,428
2024-02-14 17:00:00,INT_005,1268
2024-02-14 18:00:00,INT_005,1271
2024-02-14 19:00:00,INT_005,1275
2024-02-14 20:00:00,INT_005,432
2024-02-14 21:00:00,INT_005,442
2024-02-14 22:00:00,INT_005,143
2024-02-14 23:00:00,INT_005,167
2024-02-15 00:00:00,INT_005,171
2024-02-15 01:00:00,INT_005,141
2024-02-15 02:00:00,INT_005,163
2024-02-15 03:00:00,INT_005,102
2024-02-15 04:00:00,INT_005,128
2024-02-15 05:00:00,INT_005,128
2024-02-15 06:00:00,INT_005,452
2024-02-15 07:00:00,INT_005,1103
2024-02-15 08:00:00,INT_005,1143
2024-02-15 09:00:00,INT_005,1142
2024-02-15 10:00:00,INT_005,435
2024-02-15 11:00:00,INT_005,444
2024-02-15 12:00:00,INT_005,819
2024-02-15 13:00:00,INT_005,825
2024-02-15 14:00:00,INT_005,788
2024-02-15 15:00:00,INT_005,411
2024-02-15 16:00:00,INT_005,473
2024-02-15 17:00:00,INT_005,1235
2024-02-15 18:00:00,INT_005,1232
2024-02-15 19:00:00,INT_005,1267
2024-02-15 20:00:00,INT_005,437
2024-02-15 21:00:00,INT_005,444
2024-02-15 22:00:00,INT_005,101
2024-02-15 23:00:00,INT_005,123
2024-02-16 00:00:00,INT_005,131
2024-02-16 01:00:00,INT_005,171
2024-02-16 02:00:00,INT_005,155
2024-02-16 03:00:00,INT_005,153
2024-02-16 04:00:00,INT_005,137
2024-02-16 05:00:00,INT_005,179
2024-02-16 06:00:00,INT_005,438
2024-02-16 07:00:00,INT_005,1144
2024-02-16 08:00:00,INT_005,1109
2024-02-16 09:00:00,INT_005,1058
2024-02-16 10:00:00,INT_005,468
2024-02-16 11:00:00,INT_005,446
2024-02-16 12:00:00,INT_005,829
2024-02-16 13:00:00,INT_005,840
2024-02-16 14:00:00,INT_005,776
2024-02-16 15:00:00,INT_005,415
2024-02-16 16:00:00,INT_005,430
2024-02-16 17:00:00,INT_005,1213
2024-02-16 18:00:00,INT_005,1271
2024-02-16 19:00:00,INT_005,1190
2024-02-16 20:00:00,INT_005,405
2024-02-16 21:00:00,INT_005,414
2024-02-16 22:00:00,INT_005,125
2024-02-16 23:00:00,INT_005,142
2024-02-17 00:00:00,INT_005,120
2024-02-17 01:00:00,INT_005,107
2024-02-17 02:00:00,INT_005,126
2024-02-17 03:00:00,INT_005,108
2024-02-17 04:00:00,INT_005,101
2024-02-17 05:00:00,INT_005,96
2024-02-17 06:00:00,INT_005,374
2024-02-17 07:00:00,INT_005,901
2024-02-17 08:00:00,INT_005,863
2024-02-17 09:00:00,INT_005,914
2024-02-17 10:00:00,INT_005,353
2024-02-17 11:00:00,INT_005,362
2024-02-17 12:00:00,INT_005,660
2024-02-17 13:00:00,INT_005,652
2024-02-17 14:00:00,INT_005,630
2024-02-17 15:00:00,INT_005,351
2024-02-17 16:00:00,INT_005,358
2024-02-17 17:00:00,INT_005,1016
2024-02-17 18:00:00,INT_005,1013
2024-02-17 19:00:00,INT_005,1022
2024-02-17 20:00:00,INT_005,387
2024-02-17 21:00:00,INT_005,345
2024-02-17 22:00:00,INT_005,102
2024-02-17 23:00:00,INT_005,131
2024-02-18 00:00:00,INT_005,128
2024-02-18 01:00:00,INT_005,136
2024-02-18 02:00:00,INT_005,92
2024-02-18 03:00:00,INT_005,102
2024-02-18 04:00:00,INT_005,101
2024-02-18 05:00:00,INT_005,79
2024-02-18 06:00:00,INT_005,385
2024-02-18 07:00:00,INT_005,899
2024-02-18 08:00:00,INT_005,854
2024-02-18 09:00:00,INT_005,905
2024-02-18 10:00:00,INT_005,364
2024-02-18 11:00:00,INT_005,353
2024-02-18 12:00:00,INT_005,659
2024-02-18 13:00:00,INT_005,647
2024-02-18 14:00:00,INT_005,618
2024-02-18 15:00:00,INT_005,381
2024-02-18 16:00:00,INT_005,339
2024-02-18 17:00:00,INT_005,1013
2024-02-18 18:00:00,INT_005,1041
2024-02-18 19:00:00,INT_005,1014
2024-02-18 20:00:00,INT_005,366
2024-02-18 21:00:00,INT_005,368
2024-02-18 22:00:00,INT_005,110
2024-02-18 23:00:00,INT_005,116
2024-02-19 00:00:00,INT_005,144
2024-02-19 01:00:00,INT_005,109
2024-02-19 02:00:00,INT_005,160
2024-02-19 03:00:00,INT_005,127
2024-02-19 04:00:00,INT_005,162
2024-02-19 05:00:00,INT_005,123
2024-02-19 06:00:00,INT_005,454
2024-02-19 07:00:00,INT_005,1092
2024-02-19 08:00:00,INT_005,1119
2024-02-19 09:00:00,INT_005,1142
2024-02-19 10:00:00,INT_005,434
2024-02-19 11:00:00,INT_005,408
2024-02-19 12:00:00,INT_005,816
2024-02-19 13:00:00,INT_005,837
2024-02-19 14:00:00,INT_005,825
2024-02-19 15:00:00,INT_005,444
2024-02-19 16:00:00,INT_005,440
2024-02-19 17:00:00,INT_005,1260
2024-02-19 18:00:00,INT_005,1263
2024-02-19 19:00:00,INT_005,1270
2024-02-19 20:00:00,INT_005,457
2024-02-19 21:00:00,INT_005,464
2024-02-19 22:00:00,INT_005,119
2024-02-19 23:00:00,INT_005,134
2024-02-20 00:00:00,INT_005,135
2024-02-20 01:00:00,INT_005,131
2024-02-20 02:00:00,INT_005,160
2024-02-20 03:00:00,INT_005,119
2024-02-20 04:00:00,INT_005,155
2024-02-20 05:00:00,INT_005,171
2024-02-20 06:00:00,INT_005,457
2024-02-20 07:00:00,INT_005,1106
2024-02-20 08:00:00,INT_005,1140
2024-02-20 09:00:00,INT_005,1105
2024-02-20 10:00:00,INT_005,438
2024-02-20 11:00:00,INT_005,440
2024-02-20 12:00:00,INT_005,794
2024-02-20 13:00:00,INT_005,776
2024-02-20 14:00:00,INT_005,833
2024-02-20 15:00:00,INT_005,428
2024-02-20 16:00:00,INT_005,424
2024-02-20 17:00:00,INT_005,1220
2024-02-20 18:00:00,INT_005,1245
2024-02-20 19:00:00,INT_005,1202
2024-02-20 20:00:00,INT_005,482
2024-02-20 21:00:00,INT_005,441
2024-02-20 22:00:00,INT_005,159
2024-02-20 23:00:00,INT_005,151
2024-02-21 00:00:00,INT_005,121
2024-02-21 01:00:00,INT_005,96
2024-02-21 02:00:00,INT_005,100
2024-02-21 03:00:00,INT_005,118
2024-02-21 04:00:00,INT_005,133
2024-02-21 05:00:00,INT_005,183
2024-02-21 06:00:00,INT_005,432
2024-02-21 07:00:00,INT_005,1157
2024-02-21 08:00:00,INT_005,1116
2024-02-21 09:00:00,INT_005,1123
2024-02-21 10:00:00,INT_005,446
2024-02-21 11:00:00,INT_005,441
2024-02-21 12:00:00,INT_005,819
2024-02-21 13:00:00,INT_005,855
2024-02-21 14:00:00,INT_005,805
2024-02-21 15:00:00,INT_005,482
2024-02-21 16:00:00,INT_005,445
2024-02-21 17:00:00,INT_005,1278
2024-02-21 18:00:00,INT_005,1253
2024-02-21 19:00:00,INT_005,1274
2024-02-21 20:00:00,INT_005,435
2024-02-21 21:00:00,INT_005,487
2024-02-21 22:00:00,INT_005,193
2024-02-21 23:00:00,INT_005,107
2024-02-22 00:00:00,INT_005,128
2024-02-22 01:00:00,INT_005,143
2024-02-22 02:00:00,INT_005,127
2024-02-22 03:00:00,INT_005,147
2024-02-22 04:00:00,INT_005,112
2024-02-22 05:00:00,INT_005,118
2024-02-22 06:00:00,INT_005,474
2024-02-22 07:00:00,INT_005,1127
2024-02-22 08:00:00,INT_005,1129
2024-02-22 09:00:00,INT_005,1098
2024-02-22 10:00:00,INT_005,439
2024-02-22 11:00:00,INT_005,462
2024-02-22 12:00:00,INT_005,801
2024-02-22 13:00:00,INT_005,768
2024-02-22 14:00:00,INT_005,825
2024-02-22 15:00:00,INT_005,467
2024-02-22 16:00:00,INT_005,442
2024-02-22 17:00:00,INT_005,1274
2024-02-22 18:00:00,INT_005,1273
2024-02-22 19:00:00,INT_005,1201
2024-02-22 20:00:00,INT_005,476
2024-02-22 21:00:00,INT_005,448
2024-02-22 22:00:00,INT_005,148
2024-02-22 23:00:00,INT_005,123
2024-02-23 00:00:00,INT_005,152
2024-02-23 01:00:00,INT_005,138
2024-02-23 02:00:00,INT_005,174
2024-02-23 03:00:00,INT_005,135
2024-02-23 04:00:00,INT_005,159
2024-02-23 05:00:00,INT_005,122
2024-02-23 06:00:00,INT_005,454
2024-02-23 07:00:00,INT_005,1135
2024-02-23 08:00:00,INT_005,1120
2024-02-23 09:00:00,INT_005,1137
2024-02-23 10:00:00,INT_005,436
2024-02-23 11:00:00,INT_005,452
2024-02-23 12:00:00,INT_005,812
2024-02-23 13:00:00,INT_005,840
2024-02-23 14:00:00,INT_005,791
2024-02-23 15:00:00,INT_005,471
2024-02-23 16:00:00,INT_005,429
2024-02-23 17:00:00,INT_005,1260
2024-02-23 18:00:00,INT_005,1242
2024-02-23 19:00:00,INT_005,1251
2024-02-23 20:00:00,INT_005,413
2024-02-23 21:00:00,INT_005,438
2024-02-23 22:00:00,INT_005,145
2024-02-23 23:00:00,INT_005,131
2024-02-24 00:00:00,INT_005,81
2024-02-24 01:00:00,INT_005,106
2024-02-24 02:00:00,INT_005,111
2024-02-24 03:00:00,INT_005,119
2024-02-24 04:00:00,INT_005,131
2024-02-24 05:00:00,INT_005,107
2024-02-24 06:00:00,INT_005,391
2024-02-24 07:00:00,INT_005,863
2024-02-24 08:00:00,INT_005,884
2024-02-24 09:00:00,INT_005,905
2024-02-24 10:00:00,INT_005,329
2024-02-24 11:00:00,INT_005,378
2024-02-24 12:00:00,INT_005,650
2024-02-24 13:00:00,INT_005,644
2024-02-24 14:00:00,INT_005,653
2024-02-24 15:00:00,INT_005,348
2024-02-24 16:00:00,INT_005,344
2024-02-24 17:00:00,INT_005,1003
2024-02-24 18:00:00,INT_005,977
2024-02-24 19:00:00,INT_005,1016
2024-02-24 20:00:00,INT_005,345
2024-02-24 21:00:00,INT_005,368
2024-02-24 22:00:00,INT_005,131
2024-02-24 23:00:00,INT_005,90
2024-02-25 00:00:00,INT_005,105
2024-02-25 01:00:00,INT_005,112
2024-02-25 02:00:00,INT_005,109
2024-02-25 03:00:00,INT_005,94
2024-02-25 04:00:00,INT_005,136
2024-02-25 05:00:00,INT_005,96
2024-02-25 06:00:00,INT_005,335
2024-02-25 07:00:00,INT_005,871
2024-02-25 08:00:00,INT_005,924
2024-02-25 09:00:00,INT_005,923
2024-02-25 10:00:00,INT_005,379
2024-02-25 11:00:00,INT_005,336
2024-02-25 12:00:00,INT_005,658
2024-02-25 13:00:00,INT_005,663
2024-02-25 14:00:00,INT_005,638
2024-02-25 15:00:00,INT_005,364
2024-02-25 16:00:00,INT_005,356
2024-02-25 17:00:00,INT_005,980
2024-02-25 18:00:00,INT_005,1002
2024-02-25 19:00:00,INT_005,1013
2024-02-25 20:00:00,INT_005,365
2024-02-25 21:00:00,INT_005,382
2024-02-25 22:00:00,INT_005,116
2024-02-25 23:00:00,INT_005,83
2024-02-26 00:00:00,INT_005,132
2024-02-26 01:00:00,INT_005,152
2024-02-26 02:00:00,INT_005,126
2024-02-26 03:00:00,INT_005,109
2024-02-26 04:00:00,INT_005,147
2024-02-26 05:00:00,INT_005,129
2024-02-26 06:00:00,INT_005,462
2024-02-26 07:00:00,INT_005,1168
2024-02-26 08:00:00,INT_005,1121
2024-02-26 09:00:00,INT_005,1139
2024-02-26 10:00:00,INT_005,461
2024-02-26 11:00:00,INT_005,449
2024-02-26 12:00:00,INT_005,830
2024-02-26 13:00:00,INT_005,809
2024-02-26 14:00:00,INT_005,793
2024-02-26 15:00:00,INT_005,443
2024-02-26 16:00:00,INT_005,445
2024-02-26 17:00:00,INT_005,1239
2024-02-26 18:00:00,INT_005,1240
2024-02-26 19:00:00,INT_005,1271
2024-02-26 20:00:00,INT_005,453
2024-02-26 21:00:00,INT_005,448
2024-02-26 22:00:00,INT_005,138
2024-02-26 23:00:00,INT_005,165
2024-02-27 00:00:00,INT_005,137
2024-02-27 01:00:00,INT_005,145
2024-02-27 02:00:00,INT_005,155
2024-02-27 03:00:00,INT_005,175
2024-02-27 04:00:00,INT_005,164
2024-02-27 05:00:00,INT_005,148
2024-02-27 06:00:00,INT_005,457
2024-02-27 07:00:00,INT_005,1139
2024-02-27 08:00:00,INT_005,1137
2024-02-27 09:00:00,INT_005,1126
2024-02-27 10:00:00,INT_005,471
2024-02-27 11:00:00,INT_005,472
2024-02-27 12:00:00,INT_005,823
2024-02-27 13:00:00,INT_005,806
2024-02-27 14:00:00,INT_005,790
2024-02-27 15:00:00,INT_005,472
2024-02-27 16:00:00,INT_005,444
2024-02-27 17:00:00,INT_005,1247
2024-02-27 18:00:00,INT_005,1242
2024-02-27 19:00:00,INT_005,1262
2024-02-27 20:00:00,INT_005,433
2024-02-27 21:00:00,INT_005,382
2024-02-27 22:00:00,INT_005,155
2024-02-27 23:00:00,INT_005,148
2024-02-28 00:00:00,INT_005,117
2024-02-28 01:00:00,INT_005,144
2024-02-28 02:00:00,INT_005,106
2024-02-28 03:00:00,INT_005,121
2024-02-28 04:00:00,INT_005,131
2024-02-28 05:00:00,INT_005,112
2024-02-28 06:00:00,INT_005,467
2024-02-28 07:00:00,INT_005,1170
2024-02-28 08:00:00,INT_005,1121
2024-02-28 09:00:00,INT_005,1122
2024-02-28 10:00:00,INT_005,492
2024-02-28 11:00:00,INT_005,456
2024-02-28 12:00:00,INT_005,812
2024-02-28 13:00:00,INT_005,777
2024-02-28 14:00:00,INT_005,798
2024-02-28 15:00:00,INT_005,460
2024-02-28 16:00:00,INT_005,447
2024-02-28 17:00:00,INT_005,1234
2024-02-28 18:00:00,INT_005,1236
2024-02-28 19:00:00,INT_005,1243
2024-02-28 20:00:00,INT_005,431
2024-02-28 21:00:00,INT_005,443
2024-02-28 22:00:00,INT_005,175
2024-02-28 23:00:00,INT_005,100
2024-02-29 00:00:00,INT_005,142
2024-02-29 01:00:00,INT_005,135
2024-02-29 02:00:00,INT_005,130
2024-02-29 03:00:00,INT_005,125
2024-02-29 04:00:00,INT_005,129
2024-02-29 05:00:00,INT_005,131
2024-02-29 06:00:00,INT_005,484
2024-02-29 07:00:00,INT_005,1120
2024-02-29 08:00:00,INT_005,1121
2024-02-29 09:00:00,INT_005,1084
2024-02-29 10:00:00,INT_005,435
2024-02-29 11:00:00,INT_005,452
2024-02-29 12:00:00,INT_005,821
2024-02-29 13:00:00,INT_005,803
2024-02-29 14:00:00,INT_005,878
2024-02-29 15:00:00,INT_005,461
2024-02-29 16:00:00,INT_005,447
2024-02-29 17:00:00,INT_005,1249
2024-02-29 18:00:00,INT_005,1273
2024-02-29 19:00:00,INT_005,1226
2024-02-29 20:00:00,INT_005,438
2024-02-29 21:00:00,INT_005,480
2024-02-29 22:00:00,INT_005,114
2024-02-29 23:00:00,INT_005,106
